order,mode_key,mode,file,agent,timestep,tokens,model
boiled_egg,baseline,Free-form,experiment_2025-12-08_22-01-38_boiled_egg.json,Chef,5,96,qwen2.5-3b
boiled_egg,baseline,Free-form,experiment_2025-12-08_22-01-38_boiled_egg.json,Chef,6,77,qwen2.5-3b
boiled_egg,baseline,Free-form,experiment_2025-12-08_22-01-38_boiled_egg.json,Chef,7,671,qwen2.5-3b
boiled_egg,baseline,Free-form,experiment_2025-12-08_22-01-38_boiled_egg.json,Chef,8,111,qwen2.5-3b
boiled_egg,baseline,Free-form,experiment_2025-12-08_22-01-38_boiled_egg.json,Chef,8,98,qwen2.5-3b
boiled_egg,baseline,Free-form,experiment_2025-12-08_22-01-38_boiled_egg.json,Chef,10,122,qwen2.5-3b
boiled_egg,baseline,Free-form,experiment_2025-12-08_22-01-38_boiled_egg.json,Chef,10,354,qwen2.5-3b
boiled_egg,baseline,Free-form,experiment_2025-12-08_22-01-38_boiled_egg.json,Chef,11,113,qwen2.5-3b
boiled_egg,baseline,Free-form,experiment_2025-12-08_22-01-38_boiled_egg.json,Chef,11,130,qwen2.5-3b
boiled_egg,baseline,Free-form,experiment_2025-12-08_22-01-38_boiled_egg.json,Chef,11,129,qwen2.5-3b
boiled_egg,baseline,Free-form,experiment_2025-12-08_22-01-38_boiled_egg.json,Chef,11,243,qwen2.5-3b
boiled_egg,baseline,Free-form,experiment_2025-12-08_22-01-38_boiled_egg.json,Chef,11,234,qwen2.5-3b
boiled_egg,baseline,Free-form,experiment_2025-12-08_22-01-38_boiled_egg.json,Chef,11,0,qwen2.5-3b
boiled_egg,baseline,Free-form,experiment_2025-12-08_22-01-38_boiled_egg.json,Chef,12,0,qwen2.5-3b
boiled_egg,baseline,Free-form,experiment_2025-12-08_22-01-38_boiled_egg.json,Chef,12,0,qwen2.5-3b
boiled_egg,baseline,Free-form,experiment_2025-12-08_22-01-38_boiled_egg.json,Assistant,5,147,qwen2.5-3b
boiled_egg,baseline,Free-form,experiment_2025-12-08_22-01-38_boiled_egg.json,Assistant,5,97,qwen2.5-3b
boiled_egg,baseline,Free-form,experiment_2025-12-08_22-01-38_boiled_egg.json,Assistant,6,101,qwen2.5-3b
boiled_egg,baseline,Free-form,experiment_2025-12-08_22-01-38_boiled_egg.json,Assistant,6,93,qwen2.5-3b
boiled_egg,baseline,Free-form,experiment_2025-12-08_22-01-38_boiled_egg.json,Assistant,7,102,qwen2.5-3b
boiled_egg,baseline,Free-form,experiment_2025-12-08_22-01-38_boiled_egg.json,Assistant,7,226,qwen2.5-3b
boiled_egg,baseline,Free-form,experiment_2025-12-08_22-01-38_boiled_egg.json,Assistant,8,137,qwen2.5-3b
boiled_egg,baseline,Free-form,experiment_2025-12-08_22-01-38_boiled_egg.json,Assistant,8,105,qwen2.5-3b
boiled_egg,baseline,Free-form,experiment_2025-12-08_22-01-38_boiled_egg.json,Assistant,8,125,qwen2.5-3b
boiled_egg,baseline,Free-form,experiment_2025-12-08_22-01-38_boiled_egg.json,Assistant,10,170,qwen2.5-3b
boiled_egg,baseline,Free-form,experiment_2025-12-08_22-01-38_boiled_egg.json,Assistant,10,157,qwen2.5-3b
boiled_egg,baseline,Free-form,experiment_2025-12-08_22-01-38_boiled_egg.json,Assistant,10,167,qwen2.5-3b
boiled_egg,baseline,Free-form,experiment_2025-12-08_22-01-38_boiled_egg.json,Assistant,11,81,qwen2.5-3b
boiled_egg,baseline,Free-form,experiment_2025-12-08_22-01-38_boiled_egg.json,Assistant,11,115,qwen2.5-3b
boiled_egg,baseline,Free-form,experiment_2025-12-08_22-01-38_boiled_egg.json,Assistant,11,135,qwen2.5-3b
boiled_egg,baseline,Free-form,experiment_2025-12-08_22-01-38_boiled_egg.json,Assistant,11,221,qwen2.5-3b
boiled_egg,baseline,Free-form,experiment_2025-12-08_22-01-38_boiled_egg.json,Assistant,11,1404,qwen2.5-3b
boiled_egg,baseline,Free-form,experiment_2025-12-08_22-01-38_boiled_egg.json,Assistant,11,63,qwen2.5-3b
boiled_egg,baseline,Free-form,experiment_2025-12-08_22-01-38_boiled_egg.json,Assistant,11,178,qwen2.5-3b
boiled_egg,baseline,Free-form,experiment_2025-12-08_22-01-38_boiled_egg.json,Assistant,12,95,qwen2.5-3b
boiled_egg,baseline,Free-form,experiment_2025-12-08_22-01-38_boiled_egg.json,Assistant,12,55,qwen2.5-3b
boiled_egg,baseline,Free-form,experiment_2025-12-08_22-01-38_boiled_egg.json,Assistant,12,1808,qwen2.5-3b
boiled_egg,baseline,Free-form,experiment_2025-12-08_22-06-20_boiled_egg.json,Chef,5,73,qwen2.5-3b
boiled_egg,baseline,Free-form,experiment_2025-12-08_22-06-20_boiled_egg.json,Chef,6,337,qwen2.5-3b
boiled_egg,baseline,Free-form,experiment_2025-12-08_22-06-20_boiled_egg.json,Chef,7,137,qwen2.5-3b
boiled_egg,baseline,Free-form,experiment_2025-12-08_22-06-20_boiled_egg.json,Chef,7,170,qwen2.5-3b
boiled_egg,baseline,Free-form,experiment_2025-12-08_22-06-20_boiled_egg.json,Chef,7,175,qwen2.5-3b
boiled_egg,baseline,Free-form,experiment_2025-12-08_22-06-20_boiled_egg.json,Chef,7,163,qwen2.5-3b
boiled_egg,baseline,Free-form,experiment_2025-12-08_22-06-20_boiled_egg.json,Chef,7,156,qwen2.5-3b
boiled_egg,baseline,Free-form,experiment_2025-12-08_22-06-20_boiled_egg.json,Chef,7,168,qwen2.5-3b
boiled_egg,baseline,Free-form,experiment_2025-12-08_22-06-20_boiled_egg.json,Chef,7,164,qwen2.5-3b
boiled_egg,baseline,Free-form,experiment_2025-12-08_22-06-20_boiled_egg.json,Chef,7,154,qwen2.5-3b
boiled_egg,baseline,Free-form,experiment_2025-12-08_22-06-20_boiled_egg.json,Chef,7,220,qwen2.5-3b
boiled_egg,baseline,Free-form,experiment_2025-12-08_22-06-20_boiled_egg.json,Chef,7,179,qwen2.5-3b
boiled_egg,baseline,Free-form,experiment_2025-12-08_22-06-20_boiled_egg.json,Chef,7,168,qwen2.5-3b
boiled_egg,baseline,Free-form,experiment_2025-12-08_22-06-20_boiled_egg.json,Chef,7,150,qwen2.5-3b
boiled_egg,baseline,Free-form,experiment_2025-12-08_22-06-20_boiled_egg.json,Chef,7,166,qwen2.5-3b
boiled_egg,baseline,Free-form,experiment_2025-12-08_22-06-20_boiled_egg.json,Chef,7,165,qwen2.5-3b
boiled_egg,baseline,Free-form,experiment_2025-12-08_22-06-20_boiled_egg.json,Chef,7,177,qwen2.5-3b
boiled_egg,baseline,Free-form,experiment_2025-12-08_22-06-20_boiled_egg.json,Chef,7,145,qwen2.5-3b
boiled_egg,baseline,Free-form,experiment_2025-12-08_22-06-20_boiled_egg.json,Chef,7,163,qwen2.5-3b
boiled_egg,baseline,Free-form,experiment_2025-12-08_22-06-20_boiled_egg.json,Chef,7,144,qwen2.5-3b
boiled_egg,baseline,Free-form,experiment_2025-12-08_22-06-20_boiled_egg.json,Chef,7,133,qwen2.5-3b
boiled_egg,baseline,Free-form,experiment_2025-12-08_22-06-20_boiled_egg.json,Chef,7,98,qwen2.5-3b
boiled_egg,baseline,Free-form,experiment_2025-12-08_22-06-20_boiled_egg.json,Chef,7,13,qwen2.5-3b
boiled_egg,baseline,Free-form,experiment_2025-12-08_22-06-20_boiled_egg.json,Chef,7,0,qwen2.5-3b
boiled_egg,baseline,Free-form,experiment_2025-12-08_22-06-20_boiled_egg.json,Chef,10,149,qwen2.5-3b
boiled_egg,baseline,Free-form,experiment_2025-12-08_22-06-20_boiled_egg.json,Chef,10,87,qwen2.5-3b
boiled_egg,baseline,Free-form,experiment_2025-12-08_22-06-20_boiled_egg.json,Chef,10,245,qwen2.5-3b
boiled_egg,baseline,Free-form,experiment_2025-12-08_22-06-20_boiled_egg.json,Assistant,5,1673,qwen2.5-3b
boiled_egg,baseline,Free-form,experiment_2025-12-08_22-06-20_boiled_egg.json,Assistant,5,211,qwen2.5-3b
boiled_egg,baseline,Free-form,experiment_2025-12-08_22-06-20_boiled_egg.json,Assistant,6,118,qwen2.5-3b
boiled_egg,baseline,Free-form,experiment_2025-12-08_22-06-20_boiled_egg.json,Assistant,6,65,qwen2.5-3b
boiled_egg,baseline,Free-form,experiment_2025-12-08_22-06-20_boiled_egg.json,Assistant,7,159,qwen2.5-3b
boiled_egg,baseline,Free-form,experiment_2025-12-08_22-06-20_boiled_egg.json,Assistant,7,185,qwen2.5-3b
boiled_egg,baseline,Free-form,experiment_2025-12-08_22-06-20_boiled_egg.json,Assistant,7,160,qwen2.5-3b
boiled_egg,baseline,Free-form,experiment_2025-12-08_22-06-20_boiled_egg.json,Assistant,7,171,qwen2.5-3b
boiled_egg,baseline,Free-form,experiment_2025-12-08_22-06-20_boiled_egg.json,Assistant,7,159,qwen2.5-3b
boiled_egg,baseline,Free-form,experiment_2025-12-08_22-06-20_boiled_egg.json,Assistant,7,171,qwen2.5-3b
boiled_egg,baseline,Free-form,experiment_2025-12-08_22-06-20_boiled_egg.json,Assistant,7,150,qwen2.5-3b
boiled_egg,baseline,Free-form,experiment_2025-12-08_22-06-20_boiled_egg.json,Assistant,7,184,qwen2.5-3b
boiled_egg,baseline,Free-form,experiment_2025-12-08_22-06-20_boiled_egg.json,Assistant,7,130,qwen2.5-3b
boiled_egg,baseline,Free-form,experiment_2025-12-08_22-06-20_boiled_egg.json,Assistant,7,183,qwen2.5-3b
boiled_egg,baseline,Free-form,experiment_2025-12-08_22-06-20_boiled_egg.json,Assistant,7,144,qwen2.5-3b
boiled_egg,baseline,Free-form,experiment_2025-12-08_22-06-20_boiled_egg.json,Assistant,7,141,qwen2.5-3b
boiled_egg,baseline,Free-form,experiment_2025-12-08_22-06-20_boiled_egg.json,Assistant,7,125,qwen2.5-3b
boiled_egg,baseline,Free-form,experiment_2025-12-08_22-06-20_boiled_egg.json,Assistant,7,108,qwen2.5-3b
boiled_egg,baseline,Free-form,experiment_2025-12-08_22-06-20_boiled_egg.json,Assistant,7,140,qwen2.5-3b
boiled_egg,baseline,Free-form,experiment_2025-12-08_22-06-20_boiled_egg.json,Assistant,7,150,qwen2.5-3b
boiled_egg,baseline,Free-form,experiment_2025-12-08_22-06-20_boiled_egg.json,Assistant,7,146,qwen2.5-3b
boiled_egg,baseline,Free-form,experiment_2025-12-08_22-06-20_boiled_egg.json,Assistant,7,107,qwen2.5-3b
boiled_egg,baseline,Free-form,experiment_2025-12-08_22-06-20_boiled_egg.json,Assistant,7,121,qwen2.5-3b
boiled_egg,baseline,Free-form,experiment_2025-12-08_22-06-20_boiled_egg.json,Assistant,7,149,qwen2.5-3b
boiled_egg,baseline,Free-form,experiment_2025-12-08_22-06-20_boiled_egg.json,Assistant,7,127,qwen2.5-3b
boiled_egg,baseline,Free-form,experiment_2025-12-08_22-06-20_boiled_egg.json,Assistant,7,66,qwen2.5-3b
boiled_egg,baseline,Free-form,experiment_2025-12-08_22-06-20_boiled_egg.json,Assistant,7,159,qwen2.5-3b
boiled_egg,baseline,Free-form,experiment_2025-12-08_22-06-20_boiled_egg.json,Assistant,10,103,qwen2.5-3b
boiled_egg,baseline,Free-form,experiment_2025-12-08_22-06-20_boiled_egg.json,Assistant,10,160,qwen2.5-3b
boiled_egg,baseline,Free-form,experiment_2025-12-08_22-06-20_boiled_egg.json,Assistant,10,86,qwen2.5-3b
boiled_egg,baseline,Free-form,experiment_2025-12-08_22-06-20_boiled_egg.json,Assistant,10,124,qwen2.5-3b
boiled_egg,baseline,Free-form,experiment_2025-12-08_22-17-32_boiled_egg.json,Chef,5,76,qwen2.5-3b
boiled_egg,baseline,Free-form,experiment_2025-12-08_22-17-32_boiled_egg.json,Chef,6,179,qwen2.5-3b
boiled_egg,baseline,Free-form,experiment_2025-12-08_22-17-32_boiled_egg.json,Chef,7,113,qwen2.5-3b
boiled_egg,baseline,Free-form,experiment_2025-12-08_22-17-32_boiled_egg.json,Chef,7,1596,qwen2.5-3b
boiled_egg,baseline,Free-form,experiment_2025-12-08_22-17-32_boiled_egg.json,Chef,9,109,qwen2.5-3b
boiled_egg,baseline,Free-form,experiment_2025-12-08_22-17-32_boiled_egg.json,Chef,11,147,qwen2.5-3b
boiled_egg,baseline,Free-form,experiment_2025-12-08_22-17-32_boiled_egg.json,Chef,11,128,qwen2.5-3b
boiled_egg,baseline,Free-form,experiment_2025-12-08_22-17-32_boiled_egg.json,Chef,11,412,qwen2.5-3b
boiled_egg,baseline,Free-form,experiment_2025-12-08_22-17-32_boiled_egg.json,Chef,11,217,qwen2.5-3b
boiled_egg,baseline,Free-form,experiment_2025-12-08_22-17-32_boiled_egg.json,Chef,11,1222,qwen2.5-3b
boiled_egg,baseline,Free-form,experiment_2025-12-08_22-17-32_boiled_egg.json,Chef,11,0,qwen2.5-3b
boiled_egg,baseline,Free-form,experiment_2025-12-08_22-17-32_boiled_egg.json,Chef,12,0,qwen2.5-3b
boiled_egg,baseline,Free-form,experiment_2025-12-08_22-17-32_boiled_egg.json,Chef,13,167,qwen2.5-3b
boiled_egg,baseline,Free-form,experiment_2025-12-08_22-17-32_boiled_egg.json,Assistant,5,137,qwen2.5-3b
boiled_egg,baseline,Free-form,experiment_2025-12-08_22-17-32_boiled_egg.json,Assistant,5,83,qwen2.5-3b
boiled_egg,baseline,Free-form,experiment_2025-12-08_22-17-32_boiled_egg.json,Assistant,6,339,qwen2.5-3b
boiled_egg,baseline,Free-form,experiment_2025-12-08_22-17-32_boiled_egg.json,Assistant,6,229,qwen2.5-3b
boiled_egg,baseline,Free-form,experiment_2025-12-08_22-17-32_boiled_egg.json,Assistant,7,108,qwen2.5-3b
boiled_egg,baseline,Free-form,experiment_2025-12-08_22-17-32_boiled_egg.json,Assistant,7,232,qwen2.5-3b
boiled_egg,baseline,Free-form,experiment_2025-12-08_22-17-32_boiled_egg.json,Assistant,7,120,qwen2.5-3b
boiled_egg,baseline,Free-form,experiment_2025-12-08_22-17-32_boiled_egg.json,Assistant,9,138,qwen2.5-3b
boiled_egg,baseline,Free-form,experiment_2025-12-08_22-17-32_boiled_egg.json,Assistant,9,151,qwen2.5-3b
boiled_egg,baseline,Free-form,experiment_2025-12-08_22-17-32_boiled_egg.json,Assistant,11,152,qwen2.5-3b
boiled_egg,baseline,Free-form,experiment_2025-12-08_22-17-32_boiled_egg.json,Assistant,11,141,qwen2.5-3b
boiled_egg,baseline,Free-form,experiment_2025-12-08_22-17-32_boiled_egg.json,Assistant,11,158,qwen2.5-3b
boiled_egg,baseline,Free-form,experiment_2025-12-08_22-17-32_boiled_egg.json,Assistant,11,217,qwen2.5-3b
boiled_egg,baseline,Free-form,experiment_2025-12-08_22-17-32_boiled_egg.json,Assistant,11,1351,qwen2.5-3b
boiled_egg,baseline,Free-form,experiment_2025-12-08_22-17-32_boiled_egg.json,Assistant,11,90,qwen2.5-3b
boiled_egg,baseline,Free-form,experiment_2025-12-08_22-17-32_boiled_egg.json,Assistant,11,246,qwen2.5-3b
boiled_egg,baseline,Free-form,experiment_2025-12-08_22-17-32_boiled_egg.json,Assistant,12,93,qwen2.5-3b
boiled_egg,baseline,Free-form,experiment_2025-12-08_22-17-32_boiled_egg.json,Assistant,12,1808,qwen2.5-3b
boiled_egg,baseline,Free-form,experiment_2025-12-08_22-17-32_boiled_egg.json,Assistant,13,121,qwen2.5-3b
boiled_egg,baseline,Free-form,experiment_2025-12-08_22-17-32_boiled_egg.json,Assistant,13,102,qwen2.5-3b
boiled_egg,baseline,Free-form,experiment_2025-12-08_22-36-04_boiled_egg.json,Chef,5,101,qwen2.5-3b
boiled_egg,baseline,Free-form,experiment_2025-12-08_22-36-04_boiled_egg.json,Chef,5,146,qwen2.5-3b
boiled_egg,baseline,Free-form,experiment_2025-12-08_22-36-04_boiled_egg.json,Chef,5,123,qwen2.5-3b
boiled_egg,baseline,Free-form,experiment_2025-12-08_22-36-04_boiled_egg.json,Chef,5,183,qwen2.5-3b
boiled_egg,baseline,Free-form,experiment_2025-12-08_22-36-04_boiled_egg.json,Chef,5,170,qwen2.5-3b
boiled_egg,baseline,Free-form,experiment_2025-12-08_22-36-04_boiled_egg.json,Chef,5,165,qwen2.5-3b
boiled_egg,baseline,Free-form,experiment_2025-12-08_22-36-04_boiled_egg.json,Chef,5,186,qwen2.5-3b
boiled_egg,baseline,Free-form,experiment_2025-12-08_22-36-04_boiled_egg.json,Chef,5,193,qwen2.5-3b
boiled_egg,baseline,Free-form,experiment_2025-12-08_22-36-04_boiled_egg.json,Chef,5,217,qwen2.5-3b
boiled_egg,baseline,Free-form,experiment_2025-12-08_22-36-04_boiled_egg.json,Chef,5,147,qwen2.5-3b
boiled_egg,baseline,Free-form,experiment_2025-12-08_22-36-04_boiled_egg.json,Chef,5,209,qwen2.5-3b
boiled_egg,baseline,Free-form,experiment_2025-12-08_22-36-04_boiled_egg.json,Chef,5,192,qwen2.5-3b
boiled_egg,baseline,Free-form,experiment_2025-12-08_22-36-04_boiled_egg.json,Chef,5,153,qwen2.5-3b
boiled_egg,baseline,Free-form,experiment_2025-12-08_22-36-04_boiled_egg.json,Chef,5,142,qwen2.5-3b
boiled_egg,baseline,Free-form,experiment_2025-12-08_22-36-04_boiled_egg.json,Chef,5,170,qwen2.5-3b
boiled_egg,baseline,Free-form,experiment_2025-12-08_22-36-04_boiled_egg.json,Chef,5,194,qwen2.5-3b
boiled_egg,baseline,Free-form,experiment_2025-12-08_22-36-04_boiled_egg.json,Chef,5,166,qwen2.5-3b
boiled_egg,baseline,Free-form,experiment_2025-12-08_22-36-04_boiled_egg.json,Chef,5,181,qwen2.5-3b
boiled_egg,baseline,Free-form,experiment_2025-12-08_22-36-04_boiled_egg.json,Chef,5,161,qwen2.5-3b
boiled_egg,baseline,Free-form,experiment_2025-12-08_22-36-04_boiled_egg.json,Chef,5,152,qwen2.5-3b
boiled_egg,baseline,Free-form,experiment_2025-12-08_22-36-04_boiled_egg.json,Chef,5,180,qwen2.5-3b
boiled_egg,baseline,Free-form,experiment_2025-12-08_22-36-04_boiled_egg.json,Chef,5,117,qwen2.5-3b
boiled_egg,baseline,Free-form,experiment_2025-12-08_22-36-04_boiled_egg.json,Chef,5,154,qwen2.5-3b
boiled_egg,baseline,Free-form,experiment_2025-12-08_22-36-04_boiled_egg.json,Chef,5,182,qwen2.5-3b
boiled_egg,baseline,Free-form,experiment_2025-12-08_22-36-04_boiled_egg.json,Chef,5,120,qwen2.5-3b
boiled_egg,baseline,Free-form,experiment_2025-12-08_22-36-04_boiled_egg.json,Chef,5,144,qwen2.5-3b
boiled_egg,baseline,Free-form,experiment_2025-12-08_22-36-04_boiled_egg.json,Chef,5,166,qwen2.5-3b
boiled_egg,baseline,Free-form,experiment_2025-12-08_22-36-04_boiled_egg.json,Chef,5,240,qwen2.5-3b
boiled_egg,baseline,Free-form,experiment_2025-12-08_22-36-04_boiled_egg.json,Chef,6,111,qwen2.5-3b
boiled_egg,baseline,Free-form,experiment_2025-12-08_22-36-04_boiled_egg.json,Chef,6,257,qwen2.5-3b
boiled_egg,baseline,Free-form,experiment_2025-12-08_22-36-04_boiled_egg.json,Chef,7,150,qwen2.5-3b
boiled_egg,baseline,Free-form,experiment_2025-12-08_22-36-04_boiled_egg.json,Chef,7,146,qwen2.5-3b
boiled_egg,baseline,Free-form,experiment_2025-12-08_22-36-04_boiled_egg.json,Chef,7,3374,qwen2.5-3b
boiled_egg,baseline,Free-form,experiment_2025-12-08_22-36-04_boiled_egg.json,Chef,8,170,qwen2.5-3b
boiled_egg,baseline,Free-form,experiment_2025-12-08_22-36-04_boiled_egg.json,Chef,8,137,qwen2.5-3b
boiled_egg,baseline,Free-form,experiment_2025-12-08_22-36-04_boiled_egg.json,Chef,8,106,qwen2.5-3b
boiled_egg,baseline,Free-form,experiment_2025-12-08_22-36-04_boiled_egg.json,Chef,8,144,qwen2.5-3b
boiled_egg,baseline,Free-form,experiment_2025-12-08_22-36-04_boiled_egg.json,Chef,8,225,qwen2.5-3b
boiled_egg,baseline,Free-form,experiment_2025-12-08_22-36-04_boiled_egg.json,Chef,8,0,qwen2.5-3b
boiled_egg,baseline,Free-form,experiment_2025-12-08_22-36-04_boiled_egg.json,Chef,9,161,qwen2.5-3b
boiled_egg,baseline,Free-form,experiment_2025-12-08_22-36-04_boiled_egg.json,Chef,9,157,qwen2.5-3b
boiled_egg,baseline,Free-form,experiment_2025-12-08_22-36-04_boiled_egg.json,Chef,9,153,qwen2.5-3b
boiled_egg,baseline,Free-form,experiment_2025-12-08_22-36-04_boiled_egg.json,Chef,9,149,qwen2.5-3b
boiled_egg,baseline,Free-form,experiment_2025-12-08_22-36-04_boiled_egg.json,Chef,9,217,qwen2.5-3b
boiled_egg,baseline,Free-form,experiment_2025-12-08_22-36-04_boiled_egg.json,Chef,9,191,qwen2.5-3b
boiled_egg,baseline,Free-form,experiment_2025-12-08_22-36-04_boiled_egg.json,Chef,9,227,qwen2.5-3b
boiled_egg,baseline,Free-form,experiment_2025-12-08_22-36-04_boiled_egg.json,Chef,9,2348,qwen2.5-3b
boiled_egg,baseline,Free-form,experiment_2025-12-08_22-36-04_boiled_egg.json,Chef,9,172,qwen2.5-3b
boiled_egg,baseline,Free-form,experiment_2025-12-08_22-36-04_boiled_egg.json,Chef,9,158,qwen2.5-3b
boiled_egg,baseline,Free-form,experiment_2025-12-08_22-36-04_boiled_egg.json,Chef,9,155,qwen2.5-3b
boiled_egg,baseline,Free-form,experiment_2025-12-08_22-36-04_boiled_egg.json,Chef,9,194,qwen2.5-3b
boiled_egg,baseline,Free-form,experiment_2025-12-08_22-36-04_boiled_egg.json,Chef,9,204,qwen2.5-3b
boiled_egg,baseline,Free-form,experiment_2025-12-08_22-36-04_boiled_egg.json,Chef,11,91,qwen2.5-3b
boiled_egg,baseline,Free-form,experiment_2025-12-08_22-36-04_boiled_egg.json,Chef,12,82,qwen2.5-3b
boiled_egg,baseline,Free-form,experiment_2025-12-08_22-36-04_boiled_egg.json,Chef,12,191,qwen2.5-3b
boiled_egg,baseline,Free-form,experiment_2025-12-08_22-36-04_boiled_egg.json,Chef,12,145,qwen2.5-3b
boiled_egg,baseline,Free-form,experiment_2025-12-08_22-36-04_boiled_egg.json,Chef,12,155,qwen2.5-3b
boiled_egg,baseline,Free-form,experiment_2025-12-08_22-36-04_boiled_egg.json,Chef,12,95,qwen2.5-3b
boiled_egg,baseline,Free-form,experiment_2025-12-08_22-36-04_boiled_egg.json,Chef,12,115,qwen2.5-3b
boiled_egg,baseline,Free-form,experiment_2025-12-08_22-36-04_boiled_egg.json,Chef,12,99,qwen2.5-3b
boiled_egg,baseline,Free-form,experiment_2025-12-08_22-36-04_boiled_egg.json,Chef,12,174,qwen2.5-3b
boiled_egg,baseline,Free-form,experiment_2025-12-08_22-36-04_boiled_egg.json,Chef,12,145,qwen2.5-3b
boiled_egg,baseline,Free-form,experiment_2025-12-08_22-36-04_boiled_egg.json,Chef,12,104,qwen2.5-3b
boiled_egg,baseline,Free-form,experiment_2025-12-08_22-36-04_boiled_egg.json,Chef,12,190,qwen2.5-3b
boiled_egg,baseline,Free-form,experiment_2025-12-08_22-36-04_boiled_egg.json,Chef,12,142,qwen2.5-3b
boiled_egg,baseline,Free-form,experiment_2025-12-08_22-36-04_boiled_egg.json,Chef,12,101,qwen2.5-3b
boiled_egg,baseline,Free-form,experiment_2025-12-08_22-36-04_boiled_egg.json,Chef,12,151,qwen2.5-3b
boiled_egg,baseline,Free-form,experiment_2025-12-08_22-36-04_boiled_egg.json,Chef,12,95,qwen2.5-3b
boiled_egg,baseline,Free-form,experiment_2025-12-08_22-36-04_boiled_egg.json,Chef,12,161,qwen2.5-3b
boiled_egg,baseline,Free-form,experiment_2025-12-08_22-36-04_boiled_egg.json,Chef,12,105,qwen2.5-3b
boiled_egg,baseline,Free-form,experiment_2025-12-08_22-36-04_boiled_egg.json,Chef,12,105,qwen2.5-3b
boiled_egg,baseline,Free-form,experiment_2025-12-08_22-36-04_boiled_egg.json,Chef,12,122,qwen2.5-3b
boiled_egg,baseline,Free-form,experiment_2025-12-08_22-36-04_boiled_egg.json,Chef,12,142,qwen2.5-3b
boiled_egg,baseline,Free-form,experiment_2025-12-08_22-36-04_boiled_egg.json,Chef,12,159,qwen2.5-3b
boiled_egg,baseline,Free-form,experiment_2025-12-08_22-36-04_boiled_egg.json,Chef,12,148,qwen2.5-3b
boiled_egg,baseline,Free-form,experiment_2025-12-08_22-36-04_boiled_egg.json,Chef,12,136,qwen2.5-3b
boiled_egg,baseline,Free-form,experiment_2025-12-08_22-36-04_boiled_egg.json,Chef,12,117,qwen2.5-3b
boiled_egg,baseline,Free-form,experiment_2025-12-08_22-36-04_boiled_egg.json,Chef,12,111,qwen2.5-3b
boiled_egg,baseline,Free-form,experiment_2025-12-08_22-36-04_boiled_egg.json,Chef,12,169,qwen2.5-3b
boiled_egg,baseline,Free-form,experiment_2025-12-08_22-36-04_boiled_egg.json,Chef,12,161,qwen2.5-3b
boiled_egg,baseline,Free-form,experiment_2025-12-08_22-36-04_boiled_egg.json,Chef,12,95,qwen2.5-3b
boiled_egg,baseline,Free-form,experiment_2025-12-08_22-36-04_boiled_egg.json,Chef,12,128,qwen2.5-3b
boiled_egg,baseline,Free-form,experiment_2025-12-08_22-36-04_boiled_egg.json,Chef,12,78,qwen2.5-3b
boiled_egg,baseline,Free-form,experiment_2025-12-08_22-36-04_boiled_egg.json,Chef,12,117,qwen2.5-3b
boiled_egg,baseline,Free-form,experiment_2025-12-08_22-36-04_boiled_egg.json,Chef,12,144,qwen2.5-3b
boiled_egg,baseline,Free-form,experiment_2025-12-08_22-36-04_boiled_egg.json,Chef,12,340,qwen2.5-3b
boiled_egg,baseline,Free-form,experiment_2025-12-08_22-36-04_boiled_egg.json,Chef,12,132,qwen2.5-3b
boiled_egg,baseline,Free-form,experiment_2025-12-08_22-36-04_boiled_egg.json,Chef,12,241,qwen2.5-3b
boiled_egg,baseline,Free-form,experiment_2025-12-08_22-36-04_boiled_egg.json,Chef,12,161,qwen2.5-3b
boiled_egg,baseline,Free-form,experiment_2025-12-08_22-36-04_boiled_egg.json,Chef,12,122,qwen2.5-3b
boiled_egg,baseline,Free-form,experiment_2025-12-08_22-36-04_boiled_egg.json,Chef,12,125,qwen2.5-3b
boiled_egg,baseline,Free-form,experiment_2025-12-08_22-36-04_boiled_egg.json,Chef,12,176,qwen2.5-3b
boiled_egg,baseline,Free-form,experiment_2025-12-08_22-36-04_boiled_egg.json,Chef,12,145,qwen2.5-3b
boiled_egg,baseline,Free-form,experiment_2025-12-08_22-36-04_boiled_egg.json,Chef,12,195,qwen2.5-3b
boiled_egg,baseline,Free-form,experiment_2025-12-08_22-36-04_boiled_egg.json,Chef,12,591,qwen2.5-3b
boiled_egg,baseline,Free-form,experiment_2025-12-08_22-36-04_boiled_egg.json,Assistant,5,138,qwen2.5-3b
boiled_egg,baseline,Free-form,experiment_2025-12-08_22-36-04_boiled_egg.json,Assistant,5,138,qwen2.5-3b
boiled_egg,baseline,Free-form,experiment_2025-12-08_22-36-04_boiled_egg.json,Assistant,5,212,qwen2.5-3b
boiled_egg,baseline,Free-form,experiment_2025-12-08_22-36-04_boiled_egg.json,Assistant,5,154,qwen2.5-3b
boiled_egg,baseline,Free-form,experiment_2025-12-08_22-36-04_boiled_egg.json,Assistant,5,108,qwen2.5-3b
boiled_egg,baseline,Free-form,experiment_2025-12-08_22-36-04_boiled_egg.json,Assistant,5,151,qwen2.5-3b
boiled_egg,baseline,Free-form,experiment_2025-12-08_22-36-04_boiled_egg.json,Assistant,5,218,qwen2.5-3b
boiled_egg,baseline,Free-form,experiment_2025-12-08_22-36-04_boiled_egg.json,Assistant,5,109,qwen2.5-3b
boiled_egg,baseline,Free-form,experiment_2025-12-08_22-36-04_boiled_egg.json,Assistant,5,131,qwen2.5-3b
boiled_egg,baseline,Free-form,experiment_2025-12-08_22-36-04_boiled_egg.json,Assistant,5,161,qwen2.5-3b
boiled_egg,baseline,Free-form,experiment_2025-12-08_22-36-04_boiled_egg.json,Assistant,5,148,qwen2.5-3b
boiled_egg,baseline,Free-form,experiment_2025-12-08_22-36-04_boiled_egg.json,Assistant,5,115,qwen2.5-3b
boiled_egg,baseline,Free-form,experiment_2025-12-08_22-36-04_boiled_egg.json,Assistant,5,157,qwen2.5-3b
boiled_egg,baseline,Free-form,experiment_2025-12-08_22-36-04_boiled_egg.json,Assistant,5,116,qwen2.5-3b
boiled_egg,baseline,Free-form,experiment_2025-12-08_22-36-04_boiled_egg.json,Assistant,5,200,qwen2.5-3b
boiled_egg,baseline,Free-form,experiment_2025-12-08_22-36-04_boiled_egg.json,Assistant,5,114,qwen2.5-3b
boiled_egg,baseline,Free-form,experiment_2025-12-08_22-36-04_boiled_egg.json,Assistant,5,104,qwen2.5-3b
boiled_egg,baseline,Free-form,experiment_2025-12-08_22-36-04_boiled_egg.json,Assistant,5,90,qwen2.5-3b
boiled_egg,baseline,Free-form,experiment_2025-12-08_22-36-04_boiled_egg.json,Assistant,5,84,qwen2.5-3b
boiled_egg,baseline,Free-form,experiment_2025-12-08_22-36-04_boiled_egg.json,Assistant,5,115,qwen2.5-3b
boiled_egg,baseline,Free-form,experiment_2025-12-08_22-36-04_boiled_egg.json,Assistant,5,150,qwen2.5-3b
boiled_egg,baseline,Free-form,experiment_2025-12-08_22-36-04_boiled_egg.json,Assistant,5,168,qwen2.5-3b
boiled_egg,baseline,Free-form,experiment_2025-12-08_22-36-04_boiled_egg.json,Assistant,5,127,qwen2.5-3b
boiled_egg,baseline,Free-form,experiment_2025-12-08_22-36-04_boiled_egg.json,Assistant,5,121,qwen2.5-3b
boiled_egg,baseline,Free-form,experiment_2025-12-08_22-36-04_boiled_egg.json,Assistant,5,147,qwen2.5-3b
boiled_egg,baseline,Free-form,experiment_2025-12-08_22-36-04_boiled_egg.json,Assistant,5,171,qwen2.5-3b
boiled_egg,baseline,Free-form,experiment_2025-12-08_22-36-04_boiled_egg.json,Assistant,5,101,qwen2.5-3b
boiled_egg,baseline,Free-form,experiment_2025-12-08_22-36-04_boiled_egg.json,Assistant,5,135,qwen2.5-3b
boiled_egg,baseline,Free-form,experiment_2025-12-08_22-36-04_boiled_egg.json,Assistant,5,113,qwen2.5-3b
boiled_egg,baseline,Free-form,experiment_2025-12-08_22-36-04_boiled_egg.json,Assistant,6,131,qwen2.5-3b
boiled_egg,baseline,Free-form,experiment_2025-12-08_22-36-04_boiled_egg.json,Assistant,6,146,qwen2.5-3b
boiled_egg,baseline,Free-form,experiment_2025-12-08_22-36-04_boiled_egg.json,Assistant,6,102,qwen2.5-3b
boiled_egg,baseline,Free-form,experiment_2025-12-08_22-36-04_boiled_egg.json,Assistant,7,141,qwen2.5-3b
boiled_egg,baseline,Free-form,experiment_2025-12-08_22-36-04_boiled_egg.json,Assistant,7,175,qwen2.5-3b
boiled_egg,baseline,Free-form,experiment_2025-12-08_22-36-04_boiled_egg.json,Assistant,7,271,qwen2.5-3b
boiled_egg,baseline,Free-form,experiment_2025-12-08_22-36-04_boiled_egg.json,Assistant,7,123,qwen2.5-3b
boiled_egg,baseline,Free-form,experiment_2025-12-08_22-36-04_boiled_egg.json,Assistant,8,87,qwen2.5-3b
boiled_egg,baseline,Free-form,experiment_2025-12-08_22-36-04_boiled_egg.json,Assistant,8,96,qwen2.5-3b
boiled_egg,baseline,Free-form,experiment_2025-12-08_22-36-04_boiled_egg.json,Assistant,8,149,qwen2.5-3b
boiled_egg,baseline,Free-form,experiment_2025-12-08_22-36-04_boiled_egg.json,Assistant,8,132,qwen2.5-3b
boiled_egg,baseline,Free-form,experiment_2025-12-08_22-36-04_boiled_egg.json,Assistant,8,3012,qwen2.5-3b
boiled_egg,baseline,Free-form,experiment_2025-12-08_22-36-04_boiled_egg.json,Assistant,8,61,qwen2.5-3b
boiled_egg,baseline,Free-form,experiment_2025-12-08_22-36-04_boiled_egg.json,Assistant,8,149,qwen2.5-3b
boiled_egg,baseline,Free-form,experiment_2025-12-08_22-36-04_boiled_egg.json,Assistant,9,109,qwen2.5-3b
boiled_egg,baseline,Free-form,experiment_2025-12-08_22-36-04_boiled_egg.json,Assistant,9,142,qwen2.5-3b
boiled_egg,baseline,Free-form,experiment_2025-12-08_22-36-04_boiled_egg.json,Assistant,9,152,qwen2.5-3b
boiled_egg,baseline,Free-form,experiment_2025-12-08_22-36-04_boiled_egg.json,Assistant,9,150,qwen2.5-3b
boiled_egg,baseline,Free-form,experiment_2025-12-08_22-36-04_boiled_egg.json,Assistant,9,164,qwen2.5-3b
boiled_egg,baseline,Free-form,experiment_2025-12-08_22-36-04_boiled_egg.json,Assistant,9,160,qwen2.5-3b
boiled_egg,baseline,Free-form,experiment_2025-12-08_22-36-04_boiled_egg.json,Assistant,9,196,qwen2.5-3b
boiled_egg,baseline,Free-form,experiment_2025-12-08_22-36-04_boiled_egg.json,Assistant,9,167,qwen2.5-3b
boiled_egg,baseline,Free-form,experiment_2025-12-08_22-36-04_boiled_egg.json,Assistant,9,136,qwen2.5-3b
boiled_egg,baseline,Free-form,experiment_2025-12-08_22-36-04_boiled_egg.json,Assistant,9,159,qwen2.5-3b
boiled_egg,baseline,Free-form,experiment_2025-12-08_22-36-04_boiled_egg.json,Assistant,9,164,qwen2.5-3b
boiled_egg,baseline,Free-form,experiment_2025-12-08_22-36-04_boiled_egg.json,Assistant,9,150,qwen2.5-3b
boiled_egg,baseline,Free-form,experiment_2025-12-08_22-36-04_boiled_egg.json,Assistant,9,2486,qwen2.5-3b
boiled_egg,baseline,Free-form,experiment_2025-12-08_22-36-04_boiled_egg.json,Assistant,9,332,qwen2.5-3b
boiled_egg,baseline,Free-form,experiment_2025-12-08_22-36-04_boiled_egg.json,Assistant,11,107,qwen2.5-3b
boiled_egg,baseline,Free-form,experiment_2025-12-08_22-36-04_boiled_egg.json,Assistant,11,130,qwen2.5-3b
boiled_egg,baseline,Free-form,experiment_2025-12-08_22-36-04_boiled_egg.json,Assistant,12,254,qwen2.5-3b
boiled_egg,baseline,Free-form,experiment_2025-12-08_22-36-04_boiled_egg.json,Assistant,12,270,qwen2.5-3b
boiled_egg,baseline,Free-form,experiment_2025-12-08_22-36-04_boiled_egg.json,Assistant,12,242,qwen2.5-3b
boiled_egg,baseline,Free-form,experiment_2025-12-08_22-36-04_boiled_egg.json,Assistant,12,263,qwen2.5-3b
boiled_egg,baseline,Free-form,experiment_2025-12-08_22-36-04_boiled_egg.json,Assistant,12,205,qwen2.5-3b
boiled_egg,baseline,Free-form,experiment_2025-12-08_22-36-04_boiled_egg.json,Assistant,12,205,qwen2.5-3b
boiled_egg,baseline,Free-form,experiment_2025-12-08_22-36-04_boiled_egg.json,Assistant,12,164,qwen2.5-3b
boiled_egg,baseline,Free-form,experiment_2025-12-08_22-36-04_boiled_egg.json,Assistant,12,232,qwen2.5-3b
boiled_egg,baseline,Free-form,experiment_2025-12-08_22-36-04_boiled_egg.json,Assistant,12,166,qwen2.5-3b
boiled_egg,baseline,Free-form,experiment_2025-12-08_22-36-04_boiled_egg.json,Assistant,12,174,qwen2.5-3b
boiled_egg,baseline,Free-form,experiment_2025-12-08_22-36-04_boiled_egg.json,Assistant,12,295,qwen2.5-3b
boiled_egg,baseline,Free-form,experiment_2025-12-08_22-36-04_boiled_egg.json,Assistant,12,289,qwen2.5-3b
boiled_egg,baseline,Free-form,experiment_2025-12-08_22-36-04_boiled_egg.json,Assistant,12,163,qwen2.5-3b
boiled_egg,baseline,Free-form,experiment_2025-12-08_22-36-04_boiled_egg.json,Assistant,12,159,qwen2.5-3b
boiled_egg,baseline,Free-form,experiment_2025-12-08_22-36-04_boiled_egg.json,Assistant,12,142,qwen2.5-3b
boiled_egg,baseline,Free-form,experiment_2025-12-08_22-36-04_boiled_egg.json,Assistant,12,162,qwen2.5-3b
boiled_egg,baseline,Free-form,experiment_2025-12-08_22-36-04_boiled_egg.json,Assistant,12,145,qwen2.5-3b
boiled_egg,baseline,Free-form,experiment_2025-12-08_22-36-04_boiled_egg.json,Assistant,12,157,qwen2.5-3b
boiled_egg,baseline,Free-form,experiment_2025-12-08_22-36-04_boiled_egg.json,Assistant,12,268,qwen2.5-3b
boiled_egg,baseline,Free-form,experiment_2025-12-08_22-36-04_boiled_egg.json,Assistant,12,137,qwen2.5-3b
boiled_egg,baseline,Free-form,experiment_2025-12-08_22-36-04_boiled_egg.json,Assistant,12,209,qwen2.5-3b
boiled_egg,baseline,Free-form,experiment_2025-12-08_22-36-04_boiled_egg.json,Assistant,12,303,qwen2.5-3b
boiled_egg,baseline,Free-form,experiment_2025-12-08_22-36-04_boiled_egg.json,Assistant,12,238,qwen2.5-3b
boiled_egg,baseline,Free-form,experiment_2025-12-08_22-36-04_boiled_egg.json,Assistant,12,222,qwen2.5-3b
boiled_egg,baseline,Free-form,experiment_2025-12-08_22-36-04_boiled_egg.json,Assistant,12,271,qwen2.5-3b
boiled_egg,baseline,Free-form,experiment_2025-12-08_22-36-04_boiled_egg.json,Assistant,12,271,qwen2.5-3b
boiled_egg,baseline,Free-form,experiment_2025-12-08_22-36-04_boiled_egg.json,Assistant,12,129,qwen2.5-3b
boiled_egg,baseline,Free-form,experiment_2025-12-08_22-36-04_boiled_egg.json,Assistant,12,167,qwen2.5-3b
boiled_egg,baseline,Free-form,experiment_2025-12-08_22-36-04_boiled_egg.json,Assistant,12,167,qwen2.5-3b
boiled_egg,baseline,Free-form,experiment_2025-12-08_22-36-04_boiled_egg.json,Assistant,12,146,qwen2.5-3b
boiled_egg,baseline,Free-form,experiment_2025-12-08_22-36-04_boiled_egg.json,Assistant,12,272,qwen2.5-3b
boiled_egg,baseline,Free-form,experiment_2025-12-08_22-36-04_boiled_egg.json,Assistant,12,104,qwen2.5-3b
boiled_egg,baseline,Free-form,experiment_2025-12-08_22-36-04_boiled_egg.json,Assistant,12,144,qwen2.5-3b
boiled_egg,baseline,Free-form,experiment_2025-12-08_22-36-04_boiled_egg.json,Assistant,12,161,qwen2.5-3b
boiled_egg,baseline,Free-form,experiment_2025-12-08_22-36-04_boiled_egg.json,Assistant,12,112,qwen2.5-3b
boiled_egg,baseline,Free-form,experiment_2025-12-08_22-36-04_boiled_egg.json,Assistant,12,281,qwen2.5-3b
boiled_egg,baseline,Free-form,experiment_2025-12-08_22-36-04_boiled_egg.json,Assistant,12,132,qwen2.5-3b
boiled_egg,baseline,Free-form,experiment_2025-12-08_22-36-04_boiled_egg.json,Assistant,12,289,qwen2.5-3b
boiled_egg,baseline,Free-form,experiment_2025-12-08_22-36-04_boiled_egg.json,Assistant,12,122,qwen2.5-3b
boiled_egg,baseline,Free-form,experiment_2025-12-08_22-36-04_boiled_egg.json,Assistant,12,259,qwen2.5-3b
boiled_egg,baseline,Free-form,experiment_2025-12-08_22-36-04_boiled_egg.json,Assistant,12,260,qwen2.5-3b
boiled_egg,baseline,Free-form,experiment_2025-12-08_22-36-04_boiled_egg.json,Assistant,12,473,qwen2.5-3b
boiled_egg,baseline,Free-form,experiment_2025-12-08_22-36-04_boiled_egg.json,Assistant,12,217,qwen2.5-3b
boiled_egg,baseline,Free-form,experiment_2025-12-08_22-53-54_boiled_egg.json,Chef,6,142,qwen2.5-3b
boiled_egg,baseline,Free-form,experiment_2025-12-08_22-53-54_boiled_egg.json,Chef,7,133,qwen2.5-3b
boiled_egg,baseline,Free-form,experiment_2025-12-08_22-53-54_boiled_egg.json,Chef,7,102,qwen2.5-3b
boiled_egg,baseline,Free-form,experiment_2025-12-08_22-53-54_boiled_egg.json,Chef,9,98,qwen2.5-3b
boiled_egg,baseline,Free-form,experiment_2025-12-08_22-53-54_boiled_egg.json,Chef,10,129,qwen2.5-3b
boiled_egg,baseline,Free-form,experiment_2025-12-08_22-53-54_boiled_egg.json,Chef,10,126,qwen2.5-3b
boiled_egg,baseline,Free-form,experiment_2025-12-08_22-53-54_boiled_egg.json,Chef,10,160,qwen2.5-3b
boiled_egg,baseline,Free-form,experiment_2025-12-08_22-53-54_boiled_egg.json,Chef,10,137,qwen2.5-3b
boiled_egg,baseline,Free-form,experiment_2025-12-08_22-53-54_boiled_egg.json,Chef,10,147,qwen2.5-3b
boiled_egg,baseline,Free-form,experiment_2025-12-08_22-53-54_boiled_egg.json,Chef,10,123,qwen2.5-3b
boiled_egg,baseline,Free-form,experiment_2025-12-08_22-53-54_boiled_egg.json,Chef,10,119,qwen2.5-3b
boiled_egg,baseline,Free-form,experiment_2025-12-08_22-53-54_boiled_egg.json,Chef,10,146,qwen2.5-3b
boiled_egg,baseline,Free-form,experiment_2025-12-08_22-53-54_boiled_egg.json,Chef,10,147,qwen2.5-3b
boiled_egg,baseline,Free-form,experiment_2025-12-08_22-53-54_boiled_egg.json,Chef,10,208,qwen2.5-3b
boiled_egg,baseline,Free-form,experiment_2025-12-08_22-53-54_boiled_egg.json,Chef,10,113,qwen2.5-3b
boiled_egg,baseline,Free-form,experiment_2025-12-08_22-53-54_boiled_egg.json,Chef,10,116,qwen2.5-3b
boiled_egg,baseline,Free-form,experiment_2025-12-08_22-53-54_boiled_egg.json,Chef,10,185,qwen2.5-3b
boiled_egg,baseline,Free-form,experiment_2025-12-08_22-53-54_boiled_egg.json,Chef,10,162,qwen2.5-3b
boiled_egg,baseline,Free-form,experiment_2025-12-08_22-53-54_boiled_egg.json,Chef,10,84,qwen2.5-3b
boiled_egg,baseline,Free-form,experiment_2025-12-08_22-53-54_boiled_egg.json,Chef,11,477,qwen2.5-3b
boiled_egg,baseline,Free-form,experiment_2025-12-08_22-53-54_boiled_egg.json,Chef,12,0,qwen2.5-3b
boiled_egg,baseline,Free-form,experiment_2025-12-08_22-53-54_boiled_egg.json,Chef,13,128,qwen2.5-3b
boiled_egg,baseline,Free-form,experiment_2025-12-08_22-53-54_boiled_egg.json,Chef,14,128,qwen2.5-3b
boiled_egg,baseline,Free-form,experiment_2025-12-08_22-53-54_boiled_egg.json,Assistant,6,499,qwen2.5-3b
boiled_egg,baseline,Free-form,experiment_2025-12-08_22-53-54_boiled_egg.json,Assistant,6,186,qwen2.5-3b
boiled_egg,baseline,Free-form,experiment_2025-12-08_22-53-54_boiled_egg.json,Assistant,7,54,qwen2.5-3b
boiled_egg,baseline,Free-form,experiment_2025-12-08_22-53-54_boiled_egg.json,Assistant,7,295,qwen2.5-3b
boiled_egg,baseline,Free-form,experiment_2025-12-08_22-53-54_boiled_egg.json,Assistant,7,130,qwen2.5-3b
boiled_egg,baseline,Free-form,experiment_2025-12-08_22-53-54_boiled_egg.json,Assistant,9,342,qwen2.5-3b
boiled_egg,baseline,Free-form,experiment_2025-12-08_22-53-54_boiled_egg.json,Assistant,9,176,qwen2.5-3b
boiled_egg,baseline,Free-form,experiment_2025-12-08_22-53-54_boiled_egg.json,Assistant,10,131,qwen2.5-3b
boiled_egg,baseline,Free-form,experiment_2025-12-08_22-53-54_boiled_egg.json,Assistant,10,111,qwen2.5-3b
boiled_egg,baseline,Free-form,experiment_2025-12-08_22-53-54_boiled_egg.json,Assistant,10,173,qwen2.5-3b
boiled_egg,baseline,Free-form,experiment_2025-12-08_22-53-54_boiled_egg.json,Assistant,10,141,qwen2.5-3b
boiled_egg,baseline,Free-form,experiment_2025-12-08_22-53-54_boiled_egg.json,Assistant,10,126,qwen2.5-3b
boiled_egg,baseline,Free-form,experiment_2025-12-08_22-53-54_boiled_egg.json,Assistant,10,173,qwen2.5-3b
boiled_egg,baseline,Free-form,experiment_2025-12-08_22-53-54_boiled_egg.json,Assistant,10,200,qwen2.5-3b
boiled_egg,baseline,Free-form,experiment_2025-12-08_22-53-54_boiled_egg.json,Assistant,10,134,qwen2.5-3b
boiled_egg,baseline,Free-form,experiment_2025-12-08_22-53-54_boiled_egg.json,Assistant,10,145,qwen2.5-3b
boiled_egg,baseline,Free-form,experiment_2025-12-08_22-53-54_boiled_egg.json,Assistant,10,156,qwen2.5-3b
boiled_egg,baseline,Free-form,experiment_2025-12-08_22-53-54_boiled_egg.json,Assistant,10,117,qwen2.5-3b
boiled_egg,baseline,Free-form,experiment_2025-12-08_22-53-54_boiled_egg.json,Assistant,10,149,qwen2.5-3b
boiled_egg,baseline,Free-form,experiment_2025-12-08_22-53-54_boiled_egg.json,Assistant,10,176,qwen2.5-3b
boiled_egg,baseline,Free-form,experiment_2025-12-08_22-53-54_boiled_egg.json,Assistant,10,217,qwen2.5-3b
boiled_egg,baseline,Free-form,experiment_2025-12-08_22-53-54_boiled_egg.json,Assistant,10,121,qwen2.5-3b
boiled_egg,baseline,Free-form,experiment_2025-12-08_22-53-54_boiled_egg.json,Assistant,10,137,qwen2.5-3b
boiled_egg,baseline,Free-form,experiment_2025-12-08_22-53-54_boiled_egg.json,Assistant,11,464,qwen2.5-3b
boiled_egg,baseline,Free-form,experiment_2025-12-08_22-53-54_boiled_egg.json,Assistant,11,207,qwen2.5-3b
boiled_egg,baseline,Free-form,experiment_2025-12-08_22-53-54_boiled_egg.json,Assistant,12,65,qwen2.5-3b
boiled_egg,baseline,Free-form,experiment_2025-12-08_22-53-54_boiled_egg.json,Assistant,12,3798,qwen2.5-3b
boiled_egg,baseline,Free-form,experiment_2025-12-08_22-53-54_boiled_egg.json,Assistant,13,117,qwen2.5-3b
boiled_egg,baseline,Free-form,experiment_2025-12-08_22-53-54_boiled_egg.json,Assistant,13,121,qwen2.5-3b
boiled_egg,baseline,Free-form,experiment_2025-12-08_22-53-54_boiled_egg.json,Assistant,14,157,qwen2.5-3b
boiled_egg,baseline,Free-form,experiment_2025-12-08_22-53-54_boiled_egg.json,Assistant,14,106,qwen2.5-3b
boiled_egg,baseline,Free-form,experiment_2025-12-08_22-58-20_boiled_egg.json,Chef,5,101,qwen2.5-3b
boiled_egg,baseline,Free-form,experiment_2025-12-08_22-58-20_boiled_egg.json,Chef,6,184,qwen2.5-3b
boiled_egg,baseline,Free-form,experiment_2025-12-08_22-58-20_boiled_egg.json,Chef,6,3622,qwen2.5-3b
boiled_egg,baseline,Free-form,experiment_2025-12-08_22-58-20_boiled_egg.json,Chef,6,0,qwen2.5-3b
boiled_egg,baseline,Free-form,experiment_2025-12-08_22-58-20_boiled_egg.json,Chef,7,118,qwen2.5-3b
boiled_egg,baseline,Free-form,experiment_2025-12-08_22-58-20_boiled_egg.json,Chef,7,0,qwen2.5-3b
boiled_egg,baseline,Free-form,experiment_2025-12-08_22-58-20_boiled_egg.json,Chef,8,126,qwen2.5-3b
boiled_egg,baseline,Free-form,experiment_2025-12-08_22-58-20_boiled_egg.json,Chef,11,141,qwen2.5-3b
boiled_egg,baseline,Free-form,experiment_2025-12-08_22-58-20_boiled_egg.json,Assistant,5,107,qwen2.5-3b
boiled_egg,baseline,Free-form,experiment_2025-12-08_22-58-20_boiled_egg.json,Assistant,5,145,qwen2.5-3b
boiled_egg,baseline,Free-form,experiment_2025-12-08_22-58-20_boiled_egg.json,Assistant,6,109,qwen2.5-3b
boiled_egg,baseline,Free-form,experiment_2025-12-08_22-58-20_boiled_egg.json,Assistant,6,209,qwen2.5-3b
boiled_egg,baseline,Free-form,experiment_2025-12-08_22-58-20_boiled_egg.json,Assistant,6,0,qwen2.5-3b
boiled_egg,baseline,Free-form,experiment_2025-12-08_22-58-20_boiled_egg.json,Assistant,6,186,qwen2.5-3b
boiled_egg,baseline,Free-form,experiment_2025-12-08_22-58-20_boiled_egg.json,Assistant,7,3270,qwen2.5-3b
boiled_egg,baseline,Free-form,experiment_2025-12-08_22-58-20_boiled_egg.json,Assistant,7,71,qwen2.5-3b
boiled_egg,baseline,Free-form,experiment_2025-12-08_22-58-20_boiled_egg.json,Assistant,7,306,qwen2.5-3b
boiled_egg,baseline,Free-form,experiment_2025-12-08_22-58-20_boiled_egg.json,Assistant,8,154,qwen2.5-3b
boiled_egg,baseline,Free-form,experiment_2025-12-08_22-58-20_boiled_egg.json,Assistant,8,243,qwen2.5-3b
boiled_egg,baseline,Free-form,experiment_2025-12-08_22-58-20_boiled_egg.json,Assistant,11,140,qwen2.5-3b
boiled_egg,baseline,Free-form,experiment_2025-12-08_22-58-20_boiled_egg.json,Assistant,11,236,qwen2.5-3b
boiled_egg,baseline,Free-form,experiment_2025-12-08_23-03-21_boiled_egg.json,Chef,5,165,qwen2.5-3b
boiled_egg,baseline,Free-form,experiment_2025-12-08_23-03-21_boiled_egg.json,Chef,5,132,qwen2.5-3b
boiled_egg,baseline,Free-form,experiment_2025-12-08_23-03-21_boiled_egg.json,Chef,5,167,qwen2.5-3b
boiled_egg,baseline,Free-form,experiment_2025-12-08_23-03-21_boiled_egg.json,Chef,5,105,qwen2.5-3b
boiled_egg,baseline,Free-form,experiment_2025-12-08_23-03-21_boiled_egg.json,Chef,5,161,qwen2.5-3b
boiled_egg,baseline,Free-form,experiment_2025-12-08_23-03-21_boiled_egg.json,Chef,5,0,qwen2.5-3b
boiled_egg,baseline,Free-form,experiment_2025-12-08_23-03-21_boiled_egg.json,Chef,9,117,qwen2.5-3b
boiled_egg,baseline,Free-form,experiment_2025-12-08_23-03-21_boiled_egg.json,Chef,10,89,qwen2.5-3b
boiled_egg,baseline,Free-form,experiment_2025-12-08_23-03-21_boiled_egg.json,Chef,10,3606,qwen2.5-3b
boiled_egg,baseline,Free-form,experiment_2025-12-08_23-03-21_boiled_egg.json,Chef,10,0,qwen2.5-3b
boiled_egg,baseline,Free-form,experiment_2025-12-08_23-03-21_boiled_egg.json,Chef,12,94,qwen2.5-3b
boiled_egg,baseline,Free-form,experiment_2025-12-08_23-03-21_boiled_egg.json,Chef,12,146,qwen2.5-3b
boiled_egg,baseline,Free-form,experiment_2025-12-08_23-03-21_boiled_egg.json,Chef,12,0,qwen2.5-3b
boiled_egg,baseline,Free-form,experiment_2025-12-08_23-03-21_boiled_egg.json,Chef,14,157,qwen2.5-3b
boiled_egg,baseline,Free-form,experiment_2025-12-08_23-03-21_boiled_egg.json,Assistant,5,137,qwen2.5-3b
boiled_egg,baseline,Free-form,experiment_2025-12-08_23-03-21_boiled_egg.json,Assistant,5,168,qwen2.5-3b
boiled_egg,baseline,Free-form,experiment_2025-12-08_23-03-21_boiled_egg.json,Assistant,5,192,qwen2.5-3b
boiled_egg,baseline,Free-form,experiment_2025-12-08_23-03-21_boiled_egg.json,Assistant,5,219,qwen2.5-3b
boiled_egg,baseline,Free-form,experiment_2025-12-08_23-03-21_boiled_egg.json,Assistant,5,2935,qwen2.5-3b
boiled_egg,baseline,Free-form,experiment_2025-12-08_23-03-21_boiled_egg.json,Assistant,5,0,qwen2.5-3b
boiled_egg,baseline,Free-form,experiment_2025-12-08_23-03-21_boiled_egg.json,Assistant,5,158,qwen2.5-3b
boiled_egg,baseline,Free-form,experiment_2025-12-08_23-03-21_boiled_egg.json,Assistant,9,174,qwen2.5-3b
boiled_egg,baseline,Free-form,experiment_2025-12-08_23-03-21_boiled_egg.json,Assistant,9,195,qwen2.5-3b
boiled_egg,baseline,Free-form,experiment_2025-12-08_23-03-21_boiled_egg.json,Assistant,10,50,qwen2.5-3b
boiled_egg,baseline,Free-form,experiment_2025-12-08_23-03-21_boiled_egg.json,Assistant,10,251,qwen2.5-3b
boiled_egg,baseline,Free-form,experiment_2025-12-08_23-03-21_boiled_egg.json,Assistant,10,0,qwen2.5-3b
boiled_egg,baseline,Free-form,experiment_2025-12-08_23-03-21_boiled_egg.json,Assistant,10,129,qwen2.5-3b
boiled_egg,baseline,Free-form,experiment_2025-12-08_23-03-21_boiled_egg.json,Assistant,12,78,qwen2.5-3b
boiled_egg,baseline,Free-form,experiment_2025-12-08_23-03-21_boiled_egg.json,Assistant,12,3742,qwen2.5-3b
boiled_egg,baseline,Free-form,experiment_2025-12-08_23-03-21_boiled_egg.json,Assistant,12,54,qwen2.5-3b
boiled_egg,baseline,Free-form,experiment_2025-12-08_23-03-21_boiled_egg.json,Assistant,12,148,qwen2.5-3b
boiled_egg,baseline,Free-form,experiment_2025-12-08_23-03-21_boiled_egg.json,Assistant,14,200,qwen2.5-3b
boiled_egg,baseline,Free-form,experiment_2025-12-08_23-03-21_boiled_egg.json,Assistant,14,88,qwen2.5-3b
boiled_egg,baseline,Free-form,experiment_2025-12-08_23-09-06_boiled_egg.json,Chef,5,83,qwen2.5-3b
boiled_egg,baseline,Free-form,experiment_2025-12-08_23-09-06_boiled_egg.json,Chef,7,327,qwen2.5-3b
boiled_egg,baseline,Free-form,experiment_2025-12-08_23-09-06_boiled_egg.json,Chef,8,157,qwen2.5-3b
boiled_egg,baseline,Free-form,experiment_2025-12-08_23-09-06_boiled_egg.json,Chef,8,154,qwen2.5-3b
boiled_egg,baseline,Free-form,experiment_2025-12-08_23-09-06_boiled_egg.json,Chef,9,98,qwen2.5-3b
boiled_egg,baseline,Free-form,experiment_2025-12-08_23-09-06_boiled_egg.json,Chef,10,99,qwen2.5-3b
boiled_egg,baseline,Free-form,experiment_2025-12-08_23-09-06_boiled_egg.json,Chef,12,146,qwen2.5-3b
boiled_egg,baseline,Free-form,experiment_2025-12-08_23-09-06_boiled_egg.json,Chef,12,175,qwen2.5-3b
boiled_egg,baseline,Free-form,experiment_2025-12-08_23-09-06_boiled_egg.json,Chef,12,150,qwen2.5-3b
boiled_egg,baseline,Free-form,experiment_2025-12-08_23-09-06_boiled_egg.json,Chef,12,152,qwen2.5-3b
boiled_egg,baseline,Free-form,experiment_2025-12-08_23-09-06_boiled_egg.json,Chef,12,140,qwen2.5-3b
boiled_egg,baseline,Free-form,experiment_2025-12-08_23-09-06_boiled_egg.json,Chef,12,0,qwen2.5-3b
boiled_egg,baseline,Free-form,experiment_2025-12-08_23-09-06_boiled_egg.json,Chef,13,231,qwen2.5-3b
boiled_egg,baseline,Free-form,experiment_2025-12-08_23-09-06_boiled_egg.json,Chef,14,173,qwen2.5-3b
boiled_egg,baseline,Free-form,experiment_2025-12-08_23-09-06_boiled_egg.json,Assistant,5,97,qwen2.5-3b
boiled_egg,baseline,Free-form,experiment_2025-12-08_23-09-06_boiled_egg.json,Assistant,5,197,qwen2.5-3b
boiled_egg,baseline,Free-form,experiment_2025-12-08_23-09-06_boiled_egg.json,Assistant,7,443,qwen2.5-3b
boiled_egg,baseline,Free-form,experiment_2025-12-08_23-09-06_boiled_egg.json,Assistant,7,394,qwen2.5-3b
boiled_egg,baseline,Free-form,experiment_2025-12-08_23-09-06_boiled_egg.json,Assistant,8,132,qwen2.5-3b
boiled_egg,baseline,Free-form,experiment_2025-12-08_23-09-06_boiled_egg.json,Assistant,8,128,qwen2.5-3b
boiled_egg,baseline,Free-form,experiment_2025-12-08_23-09-06_boiled_egg.json,Assistant,8,126,qwen2.5-3b
boiled_egg,baseline,Free-form,experiment_2025-12-08_23-09-06_boiled_egg.json,Assistant,9,446,qwen2.5-3b
boiled_egg,baseline,Free-form,experiment_2025-12-08_23-09-06_boiled_egg.json,Assistant,9,110,qwen2.5-3b
boiled_egg,baseline,Free-form,experiment_2025-12-08_23-09-06_boiled_egg.json,Assistant,10,97,qwen2.5-3b
boiled_egg,baseline,Free-form,experiment_2025-12-08_23-09-06_boiled_egg.json,Assistant,10,96,qwen2.5-3b
boiled_egg,baseline,Free-form,experiment_2025-12-08_23-09-06_boiled_egg.json,Assistant,12,79,qwen2.5-3b
boiled_egg,baseline,Free-form,experiment_2025-12-08_23-09-06_boiled_egg.json,Assistant,12,83,qwen2.5-3b
boiled_egg,baseline,Free-form,experiment_2025-12-08_23-09-06_boiled_egg.json,Assistant,12,156,qwen2.5-3b
boiled_egg,baseline,Free-form,experiment_2025-12-08_23-09-06_boiled_egg.json,Assistant,12,198,qwen2.5-3b
boiled_egg,baseline,Free-form,experiment_2025-12-08_23-09-06_boiled_egg.json,Assistant,12,3481,qwen2.5-3b
boiled_egg,baseline,Free-form,experiment_2025-12-08_23-09-06_boiled_egg.json,Assistant,12,47,qwen2.5-3b
boiled_egg,baseline,Free-form,experiment_2025-12-08_23-09-06_boiled_egg.json,Assistant,12,139,qwen2.5-3b
boiled_egg,baseline,Free-form,experiment_2025-12-08_23-09-06_boiled_egg.json,Assistant,13,140,qwen2.5-3b
boiled_egg,baseline,Free-form,experiment_2025-12-08_23-09-06_boiled_egg.json,Assistant,13,320,qwen2.5-3b
boiled_egg,baseline,Free-form,experiment_2025-12-08_23-09-06_boiled_egg.json,Assistant,14,186,qwen2.5-3b
boiled_egg,baseline,Free-form,experiment_2025-12-08_23-09-06_boiled_egg.json,Assistant,14,198,qwen2.5-3b
boiled_egg,baseline,Free-form,experiment_2025-12-08_23-12-36_boiled_egg.json,Chef,5,85,qwen2.5-3b
boiled_egg,baseline,Free-form,experiment_2025-12-08_23-12-36_boiled_egg.json,Chef,5,132,qwen2.5-3b
boiled_egg,baseline,Free-form,experiment_2025-12-08_23-12-36_boiled_egg.json,Chef,5,135,qwen2.5-3b
boiled_egg,baseline,Free-form,experiment_2025-12-08_23-12-36_boiled_egg.json,Chef,5,110,qwen2.5-3b
boiled_egg,baseline,Free-form,experiment_2025-12-08_23-12-36_boiled_egg.json,Chef,5,115,qwen2.5-3b
boiled_egg,baseline,Free-form,experiment_2025-12-08_23-12-36_boiled_egg.json,Chef,5,140,qwen2.5-3b
boiled_egg,baseline,Free-form,experiment_2025-12-08_23-12-36_boiled_egg.json,Chef,5,164,qwen2.5-3b
boiled_egg,baseline,Free-form,experiment_2025-12-08_23-12-36_boiled_egg.json,Chef,5,144,qwen2.5-3b
boiled_egg,baseline,Free-form,experiment_2025-12-08_23-12-36_boiled_egg.json,Chef,5,126,qwen2.5-3b
boiled_egg,baseline,Free-form,experiment_2025-12-08_23-12-36_boiled_egg.json,Chef,5,127,qwen2.5-3b
boiled_egg,baseline,Free-form,experiment_2025-12-08_23-12-36_boiled_egg.json,Chef,5,99,qwen2.5-3b
boiled_egg,baseline,Free-form,experiment_2025-12-08_23-12-36_boiled_egg.json,Chef,5,123,qwen2.5-3b
boiled_egg,baseline,Free-form,experiment_2025-12-08_23-12-36_boiled_egg.json,Chef,5,116,qwen2.5-3b
boiled_egg,baseline,Free-form,experiment_2025-12-08_23-12-36_boiled_egg.json,Chef,5,115,qwen2.5-3b
boiled_egg,baseline,Free-form,experiment_2025-12-08_23-12-36_boiled_egg.json,Chef,5,126,qwen2.5-3b
boiled_egg,baseline,Free-form,experiment_2025-12-08_23-12-36_boiled_egg.json,Chef,5,101,qwen2.5-3b
boiled_egg,baseline,Free-form,experiment_2025-12-08_23-12-36_boiled_egg.json,Chef,5,104,qwen2.5-3b
boiled_egg,baseline,Free-form,experiment_2025-12-08_23-12-36_boiled_egg.json,Chef,5,98,qwen2.5-3b
boiled_egg,baseline,Free-form,experiment_2025-12-08_23-12-36_boiled_egg.json,Chef,5,108,qwen2.5-3b
boiled_egg,baseline,Free-form,experiment_2025-12-08_23-12-36_boiled_egg.json,Chef,5,101,qwen2.5-3b
boiled_egg,baseline,Free-form,experiment_2025-12-08_23-12-36_boiled_egg.json,Chef,5,111,qwen2.5-3b
boiled_egg,baseline,Free-form,experiment_2025-12-08_23-12-36_boiled_egg.json,Chef,5,123,qwen2.5-3b
boiled_egg,baseline,Free-form,experiment_2025-12-08_23-12-36_boiled_egg.json,Chef,5,83,qwen2.5-3b
boiled_egg,baseline,Free-form,experiment_2025-12-08_23-12-36_boiled_egg.json,Chef,5,86,qwen2.5-3b
boiled_egg,baseline,Free-form,experiment_2025-12-08_23-12-36_boiled_egg.json,Chef,5,124,qwen2.5-3b
boiled_egg,baseline,Free-form,experiment_2025-12-08_23-12-36_boiled_egg.json,Chef,5,122,qwen2.5-3b
boiled_egg,baseline,Free-form,experiment_2025-12-08_23-12-36_boiled_egg.json,Chef,5,116,qwen2.5-3b
boiled_egg,baseline,Free-form,experiment_2025-12-08_23-12-36_boiled_egg.json,Chef,5,109,qwen2.5-3b
boiled_egg,baseline,Free-form,experiment_2025-12-08_23-12-36_boiled_egg.json,Chef,5,88,qwen2.5-3b
boiled_egg,baseline,Free-form,experiment_2025-12-08_23-12-36_boiled_egg.json,Chef,5,90,qwen2.5-3b
boiled_egg,baseline,Free-form,experiment_2025-12-08_23-12-36_boiled_egg.json,Chef,5,112,qwen2.5-3b
boiled_egg,baseline,Free-form,experiment_2025-12-08_23-12-36_boiled_egg.json,Chef,5,124,qwen2.5-3b
boiled_egg,baseline,Free-form,experiment_2025-12-08_23-12-36_boiled_egg.json,Chef,5,106,qwen2.5-3b
boiled_egg,baseline,Free-form,experiment_2025-12-08_23-12-36_boiled_egg.json,Chef,5,120,qwen2.5-3b
boiled_egg,baseline,Free-form,experiment_2025-12-08_23-12-36_boiled_egg.json,Chef,5,89,qwen2.5-3b
boiled_egg,baseline,Free-form,experiment_2025-12-08_23-12-36_boiled_egg.json,Chef,5,2153,qwen2.5-3b
boiled_egg,baseline,Free-form,experiment_2025-12-08_23-12-36_boiled_egg.json,Chef,5,166,qwen2.5-3b
boiled_egg,baseline,Free-form,experiment_2025-12-08_23-12-36_boiled_egg.json,Chef,5,97,qwen2.5-3b
boiled_egg,baseline,Free-form,experiment_2025-12-08_23-12-36_boiled_egg.json,Chef,5,78,qwen2.5-3b
boiled_egg,baseline,Free-form,experiment_2025-12-08_23-12-36_boiled_egg.json,Chef,5,141,qwen2.5-3b
boiled_egg,baseline,Free-form,experiment_2025-12-08_23-12-36_boiled_egg.json,Chef,5,114,qwen2.5-3b
boiled_egg,baseline,Free-form,experiment_2025-12-08_23-12-36_boiled_egg.json,Chef,5,91,qwen2.5-3b
boiled_egg,baseline,Free-form,experiment_2025-12-08_23-12-36_boiled_egg.json,Chef,5,123,qwen2.5-3b
boiled_egg,baseline,Free-form,experiment_2025-12-08_23-12-36_boiled_egg.json,Chef,5,119,qwen2.5-3b
boiled_egg,baseline,Free-form,experiment_2025-12-08_23-12-36_boiled_egg.json,Chef,5,125,qwen2.5-3b
boiled_egg,baseline,Free-form,experiment_2025-12-08_23-12-36_boiled_egg.json,Chef,7,93,qwen2.5-3b
boiled_egg,baseline,Free-form,experiment_2025-12-08_23-12-36_boiled_egg.json,Chef,7,109,qwen2.5-3b
boiled_egg,baseline,Free-form,experiment_2025-12-08_23-12-36_boiled_egg.json,Chef,10,113,qwen2.5-3b
boiled_egg,baseline,Free-form,experiment_2025-12-08_23-12-36_boiled_egg.json,Chef,11,236,qwen2.5-3b
boiled_egg,baseline,Free-form,experiment_2025-12-08_23-12-36_boiled_egg.json,Assistant,5,121,qwen2.5-3b
boiled_egg,baseline,Free-form,experiment_2025-12-08_23-12-36_boiled_egg.json,Assistant,5,125,qwen2.5-3b
boiled_egg,baseline,Free-form,experiment_2025-12-08_23-12-36_boiled_egg.json,Assistant,5,132,qwen2.5-3b
boiled_egg,baseline,Free-form,experiment_2025-12-08_23-12-36_boiled_egg.json,Assistant,5,159,qwen2.5-3b
boiled_egg,baseline,Free-form,experiment_2025-12-08_23-12-36_boiled_egg.json,Assistant,5,163,qwen2.5-3b
boiled_egg,baseline,Free-form,experiment_2025-12-08_23-12-36_boiled_egg.json,Assistant,5,201,qwen2.5-3b
boiled_egg,baseline,Free-form,experiment_2025-12-08_23-12-36_boiled_egg.json,Assistant,5,167,qwen2.5-3b
boiled_egg,baseline,Free-form,experiment_2025-12-08_23-12-36_boiled_egg.json,Assistant,5,137,qwen2.5-3b
boiled_egg,baseline,Free-form,experiment_2025-12-08_23-12-36_boiled_egg.json,Assistant,5,141,qwen2.5-3b
boiled_egg,baseline,Free-form,experiment_2025-12-08_23-12-36_boiled_egg.json,Assistant,5,151,qwen2.5-3b
boiled_egg,baseline,Free-form,experiment_2025-12-08_23-12-36_boiled_egg.json,Assistant,5,117,qwen2.5-3b
boiled_egg,baseline,Free-form,experiment_2025-12-08_23-12-36_boiled_egg.json,Assistant,5,157,qwen2.5-3b
boiled_egg,baseline,Free-form,experiment_2025-12-08_23-12-36_boiled_egg.json,Assistant,5,104,qwen2.5-3b
boiled_egg,baseline,Free-form,experiment_2025-12-08_23-12-36_boiled_egg.json,Assistant,5,124,qwen2.5-3b
boiled_egg,baseline,Free-form,experiment_2025-12-08_23-12-36_boiled_egg.json,Assistant,5,129,qwen2.5-3b
boiled_egg,baseline,Free-form,experiment_2025-12-08_23-12-36_boiled_egg.json,Assistant,5,142,qwen2.5-3b
boiled_egg,baseline,Free-form,experiment_2025-12-08_23-12-36_boiled_egg.json,Assistant,5,180,qwen2.5-3b
boiled_egg,baseline,Free-form,experiment_2025-12-08_23-12-36_boiled_egg.json,Assistant,5,142,qwen2.5-3b
boiled_egg,baseline,Free-form,experiment_2025-12-08_23-12-36_boiled_egg.json,Assistant,5,151,qwen2.5-3b
boiled_egg,baseline,Free-form,experiment_2025-12-08_23-12-36_boiled_egg.json,Assistant,5,136,qwen2.5-3b
boiled_egg,baseline,Free-form,experiment_2025-12-08_23-12-36_boiled_egg.json,Assistant,5,150,qwen2.5-3b
boiled_egg,baseline,Free-form,experiment_2025-12-08_23-12-36_boiled_egg.json,Assistant,5,141,qwen2.5-3b
boiled_egg,baseline,Free-form,experiment_2025-12-08_23-12-36_boiled_egg.json,Assistant,5,133,qwen2.5-3b
boiled_egg,baseline,Free-form,experiment_2025-12-08_23-12-36_boiled_egg.json,Assistant,5,127,qwen2.5-3b
boiled_egg,baseline,Free-form,experiment_2025-12-08_23-12-36_boiled_egg.json,Assistant,5,137,qwen2.5-3b
boiled_egg,baseline,Free-form,experiment_2025-12-08_23-12-36_boiled_egg.json,Assistant,5,129,qwen2.5-3b
boiled_egg,baseline,Free-form,experiment_2025-12-08_23-12-36_boiled_egg.json,Assistant,5,127,qwen2.5-3b
boiled_egg,baseline,Free-form,experiment_2025-12-08_23-12-36_boiled_egg.json,Assistant,5,86,qwen2.5-3b
boiled_egg,baseline,Free-form,experiment_2025-12-08_23-12-36_boiled_egg.json,Assistant,5,141,qwen2.5-3b
boiled_egg,baseline,Free-form,experiment_2025-12-08_23-12-36_boiled_egg.json,Assistant,5,93,qwen2.5-3b
boiled_egg,baseline,Free-form,experiment_2025-12-08_23-12-36_boiled_egg.json,Assistant,5,136,qwen2.5-3b
boiled_egg,baseline,Free-form,experiment_2025-12-08_23-12-36_boiled_egg.json,Assistant,5,113,qwen2.5-3b
boiled_egg,baseline,Free-form,experiment_2025-12-08_23-12-36_boiled_egg.json,Assistant,5,129,qwen2.5-3b
boiled_egg,baseline,Free-form,experiment_2025-12-08_23-12-36_boiled_egg.json,Assistant,5,126,qwen2.5-3b
boiled_egg,baseline,Free-form,experiment_2025-12-08_23-12-36_boiled_egg.json,Assistant,5,117,qwen2.5-3b
boiled_egg,baseline,Free-form,experiment_2025-12-08_23-12-36_boiled_egg.json,Assistant,5,116,qwen2.5-3b
boiled_egg,baseline,Free-form,experiment_2025-12-08_23-12-36_boiled_egg.json,Assistant,5,156,qwen2.5-3b
boiled_egg,baseline,Free-form,experiment_2025-12-08_23-12-36_boiled_egg.json,Assistant,5,74,qwen2.5-3b
boiled_egg,baseline,Free-form,experiment_2025-12-08_23-12-36_boiled_egg.json,Assistant,5,114,qwen2.5-3b
boiled_egg,baseline,Free-form,experiment_2025-12-08_23-12-36_boiled_egg.json,Assistant,5,107,qwen2.5-3b
boiled_egg,baseline,Free-form,experiment_2025-12-08_23-12-36_boiled_egg.json,Assistant,5,101,qwen2.5-3b
boiled_egg,baseline,Free-form,experiment_2025-12-08_23-12-36_boiled_egg.json,Assistant,5,88,qwen2.5-3b
boiled_egg,baseline,Free-form,experiment_2025-12-08_23-12-36_boiled_egg.json,Assistant,5,80,qwen2.5-3b
boiled_egg,baseline,Free-form,experiment_2025-12-08_23-12-36_boiled_egg.json,Assistant,5,108,qwen2.5-3b
boiled_egg,baseline,Free-form,experiment_2025-12-08_23-12-36_boiled_egg.json,Assistant,5,1980,qwen2.5-3b
boiled_egg,baseline,Free-form,experiment_2025-12-08_23-12-36_boiled_egg.json,Assistant,5,92,qwen2.5-3b
boiled_egg,baseline,Free-form,experiment_2025-12-08_23-12-36_boiled_egg.json,Assistant,7,198,qwen2.5-3b
boiled_egg,baseline,Free-form,experiment_2025-12-08_23-12-36_boiled_egg.json,Assistant,7,111,qwen2.5-3b
boiled_egg,baseline,Free-form,experiment_2025-12-08_23-12-36_boiled_egg.json,Assistant,7,119,qwen2.5-3b
boiled_egg,baseline,Free-form,experiment_2025-12-08_23-12-36_boiled_egg.json,Assistant,10,62,qwen2.5-3b
boiled_egg,baseline,Free-form,experiment_2025-12-08_23-12-36_boiled_egg.json,Assistant,10,109,qwen2.5-3b
boiled_egg,baseline,Free-form,experiment_2025-12-08_23-12-36_boiled_egg.json,Assistant,11,644,qwen2.5-3b
boiled_egg,baseline,Free-form,experiment_2025-12-08_23-12-36_boiled_egg.json,Assistant,11,92,qwen2.5-3b
boiled_egg,baseline,Free-form,experiment_2025-12-08_23-19-27_boiled_egg.json,Chef,5,801,qwen2.5-3b
boiled_egg,baseline,Free-form,experiment_2025-12-08_23-19-27_boiled_egg.json,Chef,6,141,qwen2.5-3b
boiled_egg,baseline,Free-form,experiment_2025-12-08_23-19-27_boiled_egg.json,Chef,6,105,qwen2.5-3b
boiled_egg,baseline,Free-form,experiment_2025-12-08_23-19-27_boiled_egg.json,Chef,7,69,qwen2.5-3b
boiled_egg,baseline,Free-form,experiment_2025-12-08_23-19-27_boiled_egg.json,Chef,7,123,qwen2.5-3b
boiled_egg,baseline,Free-form,experiment_2025-12-08_23-19-27_boiled_egg.json,Chef,7,0,qwen2.5-3b
boiled_egg,baseline,Free-form,experiment_2025-12-08_23-19-27_boiled_egg.json,Chef,8,121,qwen2.5-3b
boiled_egg,baseline,Free-form,experiment_2025-12-08_23-19-27_boiled_egg.json,Chef,9,155,qwen2.5-3b
boiled_egg,baseline,Free-form,experiment_2025-12-08_23-19-27_boiled_egg.json,Chef,9,175,qwen2.5-3b
boiled_egg,baseline,Free-form,experiment_2025-12-08_23-19-27_boiled_egg.json,Chef,11,169,qwen2.5-3b
boiled_egg,baseline,Free-form,experiment_2025-12-08_23-19-27_boiled_egg.json,Chef,12,109,qwen2.5-3b
boiled_egg,baseline,Free-form,experiment_2025-12-08_23-19-27_boiled_egg.json,Chef,12,0,qwen2.5-3b
boiled_egg,baseline,Free-form,experiment_2025-12-08_23-19-27_boiled_egg.json,Chef,12,0,qwen2.5-3b
boiled_egg,baseline,Free-form,experiment_2025-12-08_23-19-27_boiled_egg.json,Chef,13,146,qwen2.5-3b
boiled_egg,baseline,Free-form,experiment_2025-12-08_23-19-27_boiled_egg.json,Chef,14,137,qwen2.5-3b
boiled_egg,baseline,Free-form,experiment_2025-12-08_23-19-27_boiled_egg.json,Assistant,5,361,qwen2.5-3b
boiled_egg,baseline,Free-form,experiment_2025-12-08_23-19-27_boiled_egg.json,Assistant,5,176,qwen2.5-3b
boiled_egg,baseline,Free-form,experiment_2025-12-08_23-19-27_boiled_egg.json,Assistant,6,70,qwen2.5-3b
boiled_egg,baseline,Free-form,experiment_2025-12-08_23-19-27_boiled_egg.json,Assistant,6,99,qwen2.5-3b
boiled_egg,baseline,Free-form,experiment_2025-12-08_23-19-27_boiled_egg.json,Assistant,6,164,qwen2.5-3b
boiled_egg,baseline,Free-form,experiment_2025-12-08_23-19-27_boiled_egg.json,Assistant,7,160,qwen2.5-3b
boiled_egg,baseline,Free-form,experiment_2025-12-08_23-19-27_boiled_egg.json,Assistant,7,3610,qwen2.5-3b
boiled_egg,baseline,Free-form,experiment_2025-12-08_23-19-27_boiled_egg.json,Assistant,7,0,qwen2.5-3b
boiled_egg,baseline,Free-form,experiment_2025-12-08_23-19-27_boiled_egg.json,Assistant,7,119,qwen2.5-3b
boiled_egg,baseline,Free-form,experiment_2025-12-08_23-19-27_boiled_egg.json,Assistant,8,115,qwen2.5-3b
boiled_egg,baseline,Free-form,experiment_2025-12-08_23-19-27_boiled_egg.json,Assistant,8,123,qwen2.5-3b
boiled_egg,baseline,Free-form,experiment_2025-12-08_23-19-27_boiled_egg.json,Assistant,9,334,qwen2.5-3b
boiled_egg,baseline,Free-form,experiment_2025-12-08_23-19-27_boiled_egg.json,Assistant,9,131,qwen2.5-3b
boiled_egg,baseline,Free-form,experiment_2025-12-08_23-19-27_boiled_egg.json,Assistant,9,165,qwen2.5-3b
boiled_egg,baseline,Free-form,experiment_2025-12-08_23-19-27_boiled_egg.json,Assistant,11,153,qwen2.5-3b
boiled_egg,baseline,Free-form,experiment_2025-12-08_23-19-27_boiled_egg.json,Assistant,11,235,qwen2.5-3b
boiled_egg,baseline,Free-form,experiment_2025-12-08_23-19-27_boiled_egg.json,Assistant,12,3767,qwen2.5-3b
boiled_egg,baseline,Free-form,experiment_2025-12-08_23-19-27_boiled_egg.json,Assistant,12,75,qwen2.5-3b
boiled_egg,baseline,Free-form,experiment_2025-12-08_23-19-27_boiled_egg.json,Assistant,12,18,qwen2.5-3b
boiled_egg,baseline,Free-form,experiment_2025-12-08_23-19-27_boiled_egg.json,Assistant,12,99,qwen2.5-3b
boiled_egg,baseline,Free-form,experiment_2025-12-08_23-19-27_boiled_egg.json,Assistant,13,144,qwen2.5-3b
boiled_egg,baseline,Free-form,experiment_2025-12-08_23-19-27_boiled_egg.json,Assistant,13,180,qwen2.5-3b
boiled_egg,baseline,Free-form,experiment_2025-12-08_23-19-27_boiled_egg.json,Assistant,14,128,qwen2.5-3b
boiled_egg,baseline,Free-form,experiment_2025-12-08_23-19-27_boiled_egg.json,Assistant,14,127,qwen2.5-3b
boiled_egg,reduced,Reduced,experiment_2025-12-09_19-07-41_boiled_egg.json,Assistant,8,154,qwen2.5-3b
boiled_egg,reduced,Reduced,experiment_2025-12-09_19-07-41_boiled_egg.json,Assistant,9,181,qwen2.5-3b
boiled_egg,reduced,Reduced,experiment_2025-12-09_19-07-41_boiled_egg.json,Assistant,10,179,qwen2.5-3b
boiled_egg,reduced,Reduced,experiment_2025-12-09_19-08-37_boiled_egg.json,Assistant,5,106,qwen2.5-3b
boiled_egg,reduced,Reduced,experiment_2025-12-09_19-08-37_boiled_egg.json,Assistant,6,447,qwen2.5-3b
boiled_egg,reduced,Reduced,experiment_2025-12-09_19-08-37_boiled_egg.json,Assistant,7,167,qwen2.5-3b
boiled_egg,reduced,Reduced,experiment_2025-12-09_19-08-37_boiled_egg.json,Assistant,8,261,qwen2.5-3b
boiled_egg,reduced,Reduced,experiment_2025-12-09_19-08-37_boiled_egg.json,Assistant,9,140,qwen2.5-3b
boiled_egg,reduced,Reduced,experiment_2025-12-09_19-08-37_boiled_egg.json,Assistant,11,153,qwen2.5-3b
boiled_egg,reduced,Reduced,experiment_2025-12-09_19-08-37_boiled_egg.json,Assistant,12,151,qwen2.5-3b
boiled_egg,reduced,Reduced,experiment_2025-12-09_19-08-37_boiled_egg.json,Assistant,13,196,qwen2.5-3b
boiled_egg,reduced,Reduced,experiment_2025-12-09_19-09-21_boiled_egg.json,Assistant,7,252,qwen2.5-3b
boiled_egg,reduced,Reduced,experiment_2025-12-09_19-09-21_boiled_egg.json,Assistant,9,331,qwen2.5-3b
boiled_egg,reduced,Reduced,experiment_2025-12-09_19-09-21_boiled_egg.json,Assistant,10,143,qwen2.5-3b
boiled_egg,reduced,Reduced,experiment_2025-12-09_19-09-21_boiled_egg.json,Assistant,12,157,qwen2.5-3b
boiled_egg,reduced,Reduced,experiment_2025-12-09_19-09-21_boiled_egg.json,Assistant,13,343,qwen2.5-3b
boiled_egg,reduced,Reduced,experiment_2025-12-09_19-10-44_boiled_egg.json,Assistant,5,149,qwen2.5-3b
boiled_egg,reduced,Reduced,experiment_2025-12-09_19-10-44_boiled_egg.json,Assistant,10,291,qwen2.5-3b
boiled_egg,reduced,Reduced,experiment_2025-12-09_19-10-44_boiled_egg.json,Assistant,13,104,qwen2.5-3b
boiled_egg,reduced,Reduced,experiment_2025-12-09_19-12-04_boiled_egg.json,Chef,5,0,qwen2.5-3b
boiled_egg,reduced,Reduced,experiment_2025-12-09_19-12-04_boiled_egg.json,Chef,5,0,qwen2.5-3b
boiled_egg,reduced,Reduced,experiment_2025-12-09_19-12-04_boiled_egg.json,Assistant,5,0,qwen2.5-3b
boiled_egg,reduced,Reduced,experiment_2025-12-09_19-12-04_boiled_egg.json,Assistant,5,0,qwen2.5-3b
boiled_egg,reduced,Reduced,experiment_2025-12-09_19-12-04_boiled_egg.json,Assistant,5,135,qwen2.5-3b
boiled_egg,reduced,Reduced,experiment_2025-12-09_19-12-04_boiled_egg.json,Assistant,6,156,qwen2.5-3b
boiled_egg,reduced,Reduced,experiment_2025-12-09_19-12-04_boiled_egg.json,Assistant,7,215,qwen2.5-3b
boiled_egg,reduced,Reduced,experiment_2025-12-09_19-12-04_boiled_egg.json,Assistant,9,240,qwen2.5-3b
boiled_egg,reduced,Reduced,experiment_2025-12-09_19-12-04_boiled_egg.json,Assistant,12,142,qwen2.5-3b
boiled_egg,reduced,Reduced,experiment_2025-12-09_19-14-00_boiled_egg.json,Assistant,7,76,qwen2.5-3b
boiled_egg,reduced,Reduced,experiment_2025-12-09_19-16-18_boiled_egg.json,Assistant,7,173,qwen2.5-3b
boiled_egg,reduced,Reduced,experiment_2025-12-09_19-16-18_boiled_egg.json,Assistant,8,155,qwen2.5-3b
boiled_egg,reduced,Reduced,experiment_2025-12-09_19-17-01_boiled_egg.json,Chef,5,0,qwen2.5-3b
boiled_egg,reduced,Reduced,experiment_2025-12-09_19-17-01_boiled_egg.json,Chef,5,0,qwen2.5-3b
boiled_egg,reduced,Reduced,experiment_2025-12-09_19-17-01_boiled_egg.json,Assistant,5,0,qwen2.5-3b
boiled_egg,reduced,Reduced,experiment_2025-12-09_19-17-01_boiled_egg.json,Assistant,5,0,qwen2.5-3b
boiled_egg,reduced,Reduced,experiment_2025-12-09_19-17-01_boiled_egg.json,Assistant,5,101,qwen2.5-3b
boiled_egg,reduced,Reduced,experiment_2025-12-09_19-17-01_boiled_egg.json,Assistant,7,121,qwen2.5-3b
boiled_egg,reduced,Reduced,experiment_2025-12-09_19-17-01_boiled_egg.json,Assistant,8,335,qwen2.5-3b
boiled_egg,reduced,Reduced,experiment_2025-12-09_19-17-01_boiled_egg.json,Assistant,10,144,qwen2.5-3b
boiled_egg,reduced,Reduced,experiment_2025-12-09_19-17-01_boiled_egg.json,Assistant,11,196,qwen2.5-3b
boiled_egg,reduced,Reduced,experiment_2025-12-09_19-17-01_boiled_egg.json,Assistant,12,266,qwen2.5-3b
boiled_egg,reduced,Reduced,experiment_2025-12-09_19-17-01_boiled_egg.json,Assistant,14,156,qwen2.5-3b
boiled_egg,reduced,Reduced,experiment_2025-12-09_19-18-18_boiled_egg.json,Assistant,6,270,qwen2.5-3b
boiled_egg,reduced,Reduced,experiment_2025-12-09_19-18-18_boiled_egg.json,Assistant,8,227,qwen2.5-3b
boiled_egg,reduced,Reduced,experiment_2025-12-09_19-18-18_boiled_egg.json,Assistant,10,293,qwen2.5-3b
boiled_egg,reduced,Reduced,experiment_2025-12-09_19-19-04_boiled_egg.json,Assistant,7,424,qwen2.5-3b
boiled_egg,reduced,Reduced,experiment_2025-12-09_19-19-04_boiled_egg.json,Assistant,9,152,qwen2.5-3b
boiled_egg,reduced,Reduced,experiment_2025-12-09_19-19-04_boiled_egg.json,Assistant,10,389,qwen2.5-3b
boiled_egg,reduced,Reduced,experiment_2025-12-09_19-19-04_boiled_egg.json,Assistant,11,3656,qwen2.5-3b
boiled_egg,reduced,Reduced,experiment_2025-12-09_19-19-04_boiled_egg.json,Assistant,12,178,qwen2.5-3b
boiled_mushroom,baseline,Free-form,experiment_2025-12-09_19-38-36_boiled_mushroom.json,Chef,5,118,qwen2.5-3b
boiled_mushroom,baseline,Free-form,experiment_2025-12-09_19-38-36_boiled_mushroom.json,Chef,5,120,qwen2.5-3b
boiled_mushroom,baseline,Free-form,experiment_2025-12-09_19-38-36_boiled_mushroom.json,Chef,5,136,qwen2.5-3b
boiled_mushroom,baseline,Free-form,experiment_2025-12-09_19-38-36_boiled_mushroom.json,Chef,5,142,qwen2.5-3b
boiled_mushroom,baseline,Free-form,experiment_2025-12-09_19-38-36_boiled_mushroom.json,Chef,5,154,qwen2.5-3b
boiled_mushroom,baseline,Free-form,experiment_2025-12-09_19-38-36_boiled_mushroom.json,Chef,5,151,qwen2.5-3b
boiled_mushroom,baseline,Free-form,experiment_2025-12-09_19-38-36_boiled_mushroom.json,Chef,5,145,qwen2.5-3b
boiled_mushroom,baseline,Free-form,experiment_2025-12-09_19-38-36_boiled_mushroom.json,Chef,5,150,qwen2.5-3b
boiled_mushroom,baseline,Free-form,experiment_2025-12-09_19-38-36_boiled_mushroom.json,Chef,5,174,qwen2.5-3b
boiled_mushroom,baseline,Free-form,experiment_2025-12-09_19-38-36_boiled_mushroom.json,Chef,5,139,qwen2.5-3b
boiled_mushroom,baseline,Free-form,experiment_2025-12-09_19-38-36_boiled_mushroom.json,Chef,5,313,qwen2.5-3b
boiled_mushroom,baseline,Free-form,experiment_2025-12-09_19-38-36_boiled_mushroom.json,Chef,5,140,qwen2.5-3b
boiled_mushroom,baseline,Free-form,experiment_2025-12-09_19-38-36_boiled_mushroom.json,Chef,5,156,qwen2.5-3b
boiled_mushroom,baseline,Free-form,experiment_2025-12-09_19-38-36_boiled_mushroom.json,Chef,5,144,qwen2.5-3b
boiled_mushroom,baseline,Free-form,experiment_2025-12-09_19-38-36_boiled_mushroom.json,Chef,5,135,qwen2.5-3b
boiled_mushroom,baseline,Free-form,experiment_2025-12-09_19-38-36_boiled_mushroom.json,Chef,5,143,qwen2.5-3b
boiled_mushroom,baseline,Free-form,experiment_2025-12-09_19-38-36_boiled_mushroom.json,Chef,5,133,qwen2.5-3b
boiled_mushroom,baseline,Free-form,experiment_2025-12-09_19-38-36_boiled_mushroom.json,Chef,5,136,qwen2.5-3b
boiled_mushroom,baseline,Free-form,experiment_2025-12-09_19-38-36_boiled_mushroom.json,Chef,5,138,qwen2.5-3b
boiled_mushroom,baseline,Free-form,experiment_2025-12-09_19-38-36_boiled_mushroom.json,Chef,7,114,qwen2.5-3b
boiled_mushroom,baseline,Free-form,experiment_2025-12-09_19-38-36_boiled_mushroom.json,Chef,7,183,qwen2.5-3b
boiled_mushroom,baseline,Free-form,experiment_2025-12-09_19-38-36_boiled_mushroom.json,Chef,7,0,qwen2.5-3b
boiled_mushroom,baseline,Free-form,experiment_2025-12-09_19-38-36_boiled_mushroom.json,Chef,13,94,qwen2.5-3b
boiled_mushroom,baseline,Free-form,experiment_2025-12-09_19-38-36_boiled_mushroom.json,Chef,13,117,qwen2.5-3b
boiled_mushroom,baseline,Free-form,experiment_2025-12-09_19-38-36_boiled_mushroom.json,Assistant,5,121,qwen2.5-3b
boiled_mushroom,baseline,Free-form,experiment_2025-12-09_19-38-36_boiled_mushroom.json,Assistant,5,120,qwen2.5-3b
boiled_mushroom,baseline,Free-form,experiment_2025-12-09_19-38-36_boiled_mushroom.json,Assistant,5,171,qwen2.5-3b
boiled_mushroom,baseline,Free-form,experiment_2025-12-09_19-38-36_boiled_mushroom.json,Assistant,5,160,qwen2.5-3b
boiled_mushroom,baseline,Free-form,experiment_2025-12-09_19-38-36_boiled_mushroom.json,Assistant,5,164,qwen2.5-3b
boiled_mushroom,baseline,Free-form,experiment_2025-12-09_19-38-36_boiled_mushroom.json,Assistant,5,126,qwen2.5-3b
boiled_mushroom,baseline,Free-form,experiment_2025-12-09_19-38-36_boiled_mushroom.json,Assistant,5,138,qwen2.5-3b
boiled_mushroom,baseline,Free-form,experiment_2025-12-09_19-38-36_boiled_mushroom.json,Assistant,5,141,qwen2.5-3b
boiled_mushroom,baseline,Free-form,experiment_2025-12-09_19-38-36_boiled_mushroom.json,Assistant,5,160,qwen2.5-3b
boiled_mushroom,baseline,Free-form,experiment_2025-12-09_19-38-36_boiled_mushroom.json,Assistant,5,112,qwen2.5-3b
boiled_mushroom,baseline,Free-form,experiment_2025-12-09_19-38-36_boiled_mushroom.json,Assistant,5,168,qwen2.5-3b
boiled_mushroom,baseline,Free-form,experiment_2025-12-09_19-38-36_boiled_mushroom.json,Assistant,5,133,qwen2.5-3b
boiled_mushroom,baseline,Free-form,experiment_2025-12-09_19-38-36_boiled_mushroom.json,Assistant,5,143,qwen2.5-3b
boiled_mushroom,baseline,Free-form,experiment_2025-12-09_19-38-36_boiled_mushroom.json,Assistant,5,156,qwen2.5-3b
boiled_mushroom,baseline,Free-form,experiment_2025-12-09_19-38-36_boiled_mushroom.json,Assistant,5,110,qwen2.5-3b
boiled_mushroom,baseline,Free-form,experiment_2025-12-09_19-38-36_boiled_mushroom.json,Assistant,5,114,qwen2.5-3b
boiled_mushroom,baseline,Free-form,experiment_2025-12-09_19-38-36_boiled_mushroom.json,Assistant,5,105,qwen2.5-3b
boiled_mushroom,baseline,Free-form,experiment_2025-12-09_19-38-36_boiled_mushroom.json,Assistant,5,153,qwen2.5-3b
boiled_mushroom,baseline,Free-form,experiment_2025-12-09_19-38-36_boiled_mushroom.json,Assistant,5,115,qwen2.5-3b
boiled_mushroom,baseline,Free-form,experiment_2025-12-09_19-38-36_boiled_mushroom.json,Assistant,5,87,qwen2.5-3b
boiled_mushroom,baseline,Free-form,experiment_2025-12-09_19-38-36_boiled_mushroom.json,Assistant,7,137,qwen2.5-3b
boiled_mushroom,baseline,Free-form,experiment_2025-12-09_19-38-36_boiled_mushroom.json,Assistant,7,3660,qwen2.5-3b
boiled_mushroom,baseline,Free-form,experiment_2025-12-09_19-38-36_boiled_mushroom.json,Assistant,7,22,qwen2.5-3b
boiled_mushroom,baseline,Free-form,experiment_2025-12-09_19-38-36_boiled_mushroom.json,Assistant,7,110,qwen2.5-3b
boiled_mushroom,baseline,Free-form,experiment_2025-12-09_19-38-36_boiled_mushroom.json,Assistant,13,133,qwen2.5-3b
boiled_mushroom,baseline,Free-form,experiment_2025-12-09_19-38-36_boiled_mushroom.json,Assistant,13,345,qwen2.5-3b
boiled_mushroom,baseline,Free-form,experiment_2025-12-09_19-38-36_boiled_mushroom.json,Assistant,13,109,qwen2.5-3b
boiled_mushroom,baseline,Free-form,experiment_2025-12-09_19-43-28_boiled_mushroom.json,Chef,6,177,qwen2.5-3b
boiled_mushroom,baseline,Free-form,experiment_2025-12-09_19-43-28_boiled_mushroom.json,Chef,6,188,qwen2.5-3b
boiled_mushroom,baseline,Free-form,experiment_2025-12-09_19-43-28_boiled_mushroom.json,Chef,6,65,qwen2.5-3b
boiled_mushroom,baseline,Free-form,experiment_2025-12-09_19-43-28_boiled_mushroom.json,Chef,7,114,qwen2.5-3b
boiled_mushroom,baseline,Free-form,experiment_2025-12-09_19-43-28_boiled_mushroom.json,Chef,7,145,qwen2.5-3b
boiled_mushroom,baseline,Free-form,experiment_2025-12-09_19-43-28_boiled_mushroom.json,Chef,7,3436,qwen2.5-3b
boiled_mushroom,baseline,Free-form,experiment_2025-12-09_19-43-28_boiled_mushroom.json,Chef,7,0,qwen2.5-3b
boiled_mushroom,baseline,Free-form,experiment_2025-12-09_19-43-28_boiled_mushroom.json,Chef,9,107,qwen2.5-3b
boiled_mushroom,baseline,Free-form,experiment_2025-12-09_19-43-28_boiled_mushroom.json,Chef,9,159,qwen2.5-3b
boiled_mushroom,baseline,Free-form,experiment_2025-12-09_19-43-28_boiled_mushroom.json,Assistant,6,130,qwen2.5-3b
boiled_mushroom,baseline,Free-form,experiment_2025-12-09_19-43-28_boiled_mushroom.json,Assistant,6,77,qwen2.5-3b
boiled_mushroom,baseline,Free-form,experiment_2025-12-09_19-43-28_boiled_mushroom.json,Assistant,6,3374,qwen2.5-3b
boiled_mushroom,baseline,Free-form,experiment_2025-12-09_19-43-28_boiled_mushroom.json,Assistant,6,97,qwen2.5-3b
boiled_mushroom,baseline,Free-form,experiment_2025-12-09_19-43-28_boiled_mushroom.json,Assistant,7,79,qwen2.5-3b
boiled_mushroom,baseline,Free-form,experiment_2025-12-09_19-43-28_boiled_mushroom.json,Assistant,7,80,qwen2.5-3b
boiled_mushroom,baseline,Free-form,experiment_2025-12-09_19-43-28_boiled_mushroom.json,Assistant,7,3592,qwen2.5-3b
boiled_mushroom,baseline,Free-form,experiment_2025-12-09_19-43-28_boiled_mushroom.json,Assistant,7,3,qwen2.5-3b
boiled_mushroom,baseline,Free-form,experiment_2025-12-09_19-43-28_boiled_mushroom.json,Assistant,7,205,qwen2.5-3b
boiled_mushroom,baseline,Free-form,experiment_2025-12-09_19-43-28_boiled_mushroom.json,Assistant,9,532,qwen2.5-3b
boiled_mushroom,baseline,Free-form,experiment_2025-12-09_19-43-28_boiled_mushroom.json,Assistant,9,285,qwen2.5-3b
boiled_mushroom,baseline,Free-form,experiment_2025-12-09_19-43-28_boiled_mushroom.json,Assistant,9,343,qwen2.5-3b
boiled_mushroom,baseline,Free-form,experiment_2025-12-09_19-49-02_boiled_mushroom.json,Chef,5,175,qwen2.5-3b
boiled_mushroom,baseline,Free-form,experiment_2025-12-09_19-49-02_boiled_mushroom.json,Chef,5,353,qwen2.5-3b
boiled_mushroom,baseline,Free-form,experiment_2025-12-09_19-49-02_boiled_mushroom.json,Chef,6,87,qwen2.5-3b
boiled_mushroom,baseline,Free-form,experiment_2025-12-09_19-49-02_boiled_mushroom.json,Chef,6,391,qwen2.5-3b
boiled_mushroom,baseline,Free-form,experiment_2025-12-09_19-49-02_boiled_mushroom.json,Chef,8,228,qwen2.5-3b
boiled_mushroom,baseline,Free-form,experiment_2025-12-09_19-49-02_boiled_mushroom.json,Chef,8,178,qwen2.5-3b
boiled_mushroom,baseline,Free-form,experiment_2025-12-09_19-49-02_boiled_mushroom.json,Chef,8,179,qwen2.5-3b
boiled_mushroom,baseline,Free-form,experiment_2025-12-09_19-49-02_boiled_mushroom.json,Chef,8,157,qwen2.5-3b
boiled_mushroom,baseline,Free-form,experiment_2025-12-09_19-49-02_boiled_mushroom.json,Chef,8,163,qwen2.5-3b
boiled_mushroom,baseline,Free-form,experiment_2025-12-09_19-49-02_boiled_mushroom.json,Chef,8,150,qwen2.5-3b
boiled_mushroom,baseline,Free-form,experiment_2025-12-09_19-49-02_boiled_mushroom.json,Chef,8,277,qwen2.5-3b
boiled_mushroom,baseline,Free-form,experiment_2025-12-09_19-49-02_boiled_mushroom.json,Chef,8,154,qwen2.5-3b
boiled_mushroom,baseline,Free-form,experiment_2025-12-09_19-49-02_boiled_mushroom.json,Chef,8,178,qwen2.5-3b
boiled_mushroom,baseline,Free-form,experiment_2025-12-09_19-49-02_boiled_mushroom.json,Chef,8,154,qwen2.5-3b
boiled_mushroom,baseline,Free-form,experiment_2025-12-09_19-49-02_boiled_mushroom.json,Chef,8,147,qwen2.5-3b
boiled_mushroom,baseline,Free-form,experiment_2025-12-09_19-49-02_boiled_mushroom.json,Chef,9,111,qwen2.5-3b
boiled_mushroom,baseline,Free-form,experiment_2025-12-09_19-49-02_boiled_mushroom.json,Chef,10,130,qwen2.5-3b
boiled_mushroom,baseline,Free-form,experiment_2025-12-09_19-49-02_boiled_mushroom.json,Chef,10,151,qwen2.5-3b
boiled_mushroom,baseline,Free-form,experiment_2025-12-09_19-49-02_boiled_mushroom.json,Chef,10,0,qwen2.5-3b
boiled_mushroom,baseline,Free-form,experiment_2025-12-09_19-49-02_boiled_mushroom.json,Chef,12,213,qwen2.5-3b
boiled_mushroom,baseline,Free-form,experiment_2025-12-09_19-49-02_boiled_mushroom.json,Chef,12,174,qwen2.5-3b
boiled_mushroom,baseline,Free-form,experiment_2025-12-09_19-49-02_boiled_mushroom.json,Chef,12,181,qwen2.5-3b
boiled_mushroom,baseline,Free-form,experiment_2025-12-09_19-49-02_boiled_mushroom.json,Chef,12,202,qwen2.5-3b
boiled_mushroom,baseline,Free-form,experiment_2025-12-09_19-49-02_boiled_mushroom.json,Chef,12,3367,qwen2.5-3b
boiled_mushroom,baseline,Free-form,experiment_2025-12-09_19-49-02_boiled_mushroom.json,Chef,12,3305,qwen2.5-3b
boiled_mushroom,baseline,Free-form,experiment_2025-12-09_19-49-02_boiled_mushroom.json,Chef,12,197,qwen2.5-3b
boiled_mushroom,baseline,Free-form,experiment_2025-12-09_19-49-02_boiled_mushroom.json,Assistant,5,63,qwen2.5-3b
boiled_mushroom,baseline,Free-form,experiment_2025-12-09_19-49-02_boiled_mushroom.json,Assistant,5,448,qwen2.5-3b
boiled_mushroom,baseline,Free-form,experiment_2025-12-09_19-49-02_boiled_mushroom.json,Assistant,5,141,qwen2.5-3b
boiled_mushroom,baseline,Free-form,experiment_2025-12-09_19-49-02_boiled_mushroom.json,Assistant,6,108,qwen2.5-3b
boiled_mushroom,baseline,Free-form,experiment_2025-12-09_19-49-02_boiled_mushroom.json,Assistant,6,235,qwen2.5-3b
boiled_mushroom,baseline,Free-form,experiment_2025-12-09_19-49-02_boiled_mushroom.json,Assistant,6,122,qwen2.5-3b
boiled_mushroom,baseline,Free-form,experiment_2025-12-09_19-49-02_boiled_mushroom.json,Assistant,8,135,qwen2.5-3b
boiled_mushroom,baseline,Free-form,experiment_2025-12-09_19-49-02_boiled_mushroom.json,Assistant,8,95,qwen2.5-3b
boiled_mushroom,baseline,Free-form,experiment_2025-12-09_19-49-02_boiled_mushroom.json,Assistant,8,111,qwen2.5-3b
boiled_mushroom,baseline,Free-form,experiment_2025-12-09_19-49-02_boiled_mushroom.json,Assistant,8,103,qwen2.5-3b
boiled_mushroom,baseline,Free-form,experiment_2025-12-09_19-49-02_boiled_mushroom.json,Assistant,8,92,qwen2.5-3b
boiled_mushroom,baseline,Free-form,experiment_2025-12-09_19-49-02_boiled_mushroom.json,Assistant,8,121,qwen2.5-3b
boiled_mushroom,baseline,Free-form,experiment_2025-12-09_19-49-02_boiled_mushroom.json,Assistant,8,118,qwen2.5-3b
boiled_mushroom,baseline,Free-form,experiment_2025-12-09_19-49-02_boiled_mushroom.json,Assistant,8,99,qwen2.5-3b
boiled_mushroom,baseline,Free-form,experiment_2025-12-09_19-49-02_boiled_mushroom.json,Assistant,8,108,qwen2.5-3b
boiled_mushroom,baseline,Free-form,experiment_2025-12-09_19-49-02_boiled_mushroom.json,Assistant,8,187,qwen2.5-3b
boiled_mushroom,baseline,Free-form,experiment_2025-12-09_19-49-02_boiled_mushroom.json,Assistant,8,151,qwen2.5-3b
boiled_mushroom,baseline,Free-form,experiment_2025-12-09_19-49-02_boiled_mushroom.json,Assistant,8,142,qwen2.5-3b
boiled_mushroom,baseline,Free-form,experiment_2025-12-09_19-49-02_boiled_mushroom.json,Assistant,9,389,qwen2.5-3b
boiled_mushroom,baseline,Free-form,experiment_2025-12-09_19-49-02_boiled_mushroom.json,Assistant,9,135,qwen2.5-3b
boiled_mushroom,baseline,Free-form,experiment_2025-12-09_19-49-02_boiled_mushroom.json,Assistant,10,224,qwen2.5-3b
boiled_mushroom,baseline,Free-form,experiment_2025-12-09_19-49-02_boiled_mushroom.json,Assistant,10,3595,qwen2.5-3b
boiled_mushroom,baseline,Free-form,experiment_2025-12-09_19-49-02_boiled_mushroom.json,Assistant,10,0,qwen2.5-3b
boiled_mushroom,baseline,Free-form,experiment_2025-12-09_19-49-02_boiled_mushroom.json,Assistant,10,98,qwen2.5-3b
boiled_mushroom,baseline,Free-form,experiment_2025-12-09_19-49-02_boiled_mushroom.json,Assistant,12,143,qwen2.5-3b
boiled_mushroom,baseline,Free-form,experiment_2025-12-09_19-49-02_boiled_mushroom.json,Assistant,12,141,qwen2.5-3b
boiled_mushroom,baseline,Free-form,experiment_2025-12-09_19-49-02_boiled_mushroom.json,Assistant,12,163,qwen2.5-3b
boiled_mushroom,baseline,Free-form,experiment_2025-12-09_19-49-02_boiled_mushroom.json,Assistant,12,152,qwen2.5-3b
boiled_mushroom,baseline,Free-form,experiment_2025-12-09_19-49-02_boiled_mushroom.json,Assistant,12,121,qwen2.5-3b
boiled_mushroom,baseline,Free-form,experiment_2025-12-09_19-49-02_boiled_mushroom.json,Assistant,12,200,qwen2.5-3b
boiled_mushroom,baseline,Free-form,experiment_2025-12-09_19-49-02_boiled_mushroom.json,Assistant,12,220,qwen2.5-3b
boiled_mushroom,baseline,Free-form,experiment_2025-12-09_19-49-02_boiled_mushroom.json,Assistant,12,104,qwen2.5-3b
boiled_mushroom,baseline,Free-form,experiment_2025-12-09_19-55-31_boiled_mushroom.json,Chef,6,148,qwen2.5-3b
boiled_mushroom,baseline,Free-form,experiment_2025-12-09_19-55-31_boiled_mushroom.json,Chef,7,109,qwen2.5-3b
boiled_mushroom,baseline,Free-form,experiment_2025-12-09_19-55-31_boiled_mushroom.json,Chef,7,103,qwen2.5-3b
boiled_mushroom,baseline,Free-form,experiment_2025-12-09_19-55-31_boiled_mushroom.json,Chef,7,169,qwen2.5-3b
boiled_mushroom,baseline,Free-form,experiment_2025-12-09_19-55-31_boiled_mushroom.json,Chef,7,232,qwen2.5-3b
boiled_mushroom,baseline,Free-form,experiment_2025-12-09_19-55-31_boiled_mushroom.json,Chef,7,80,qwen2.5-3b
boiled_mushroom,baseline,Free-form,experiment_2025-12-09_19-55-31_boiled_mushroom.json,Chef,7,3338,qwen2.5-3b
boiled_mushroom,baseline,Free-form,experiment_2025-12-09_19-55-31_boiled_mushroom.json,Chef,7,3279,qwen2.5-3b
boiled_mushroom,baseline,Free-form,experiment_2025-12-09_19-55-31_boiled_mushroom.json,Chef,7,156,qwen2.5-3b
boiled_mushroom,baseline,Free-form,experiment_2025-12-09_19-55-31_boiled_mushroom.json,Chef,7,500,qwen2.5-3b
boiled_mushroom,baseline,Free-form,experiment_2025-12-09_19-55-31_boiled_mushroom.json,Chef,7,429,qwen2.5-3b
boiled_mushroom,baseline,Free-form,experiment_2025-12-09_19-55-31_boiled_mushroom.json,Chef,7,776,qwen2.5-3b
boiled_mushroom,baseline,Free-form,experiment_2025-12-09_19-55-31_boiled_mushroom.json,Chef,7,109,qwen2.5-3b
boiled_mushroom,baseline,Free-form,experiment_2025-12-09_19-55-31_boiled_mushroom.json,Chef,7,664,qwen2.5-3b
boiled_mushroom,baseline,Free-form,experiment_2025-12-09_19-55-31_boiled_mushroom.json,Chef,7,388,qwen2.5-3b
boiled_mushroom,baseline,Free-form,experiment_2025-12-09_19-55-31_boiled_mushroom.json,Chef,7,129,qwen2.5-3b
boiled_mushroom,baseline,Free-form,experiment_2025-12-09_19-55-31_boiled_mushroom.json,Chef,7,2739,qwen2.5-3b
boiled_mushroom,baseline,Free-form,experiment_2025-12-09_19-55-31_boiled_mushroom.json,Chef,7,2440,qwen2.5-3b
boiled_mushroom,baseline,Free-form,experiment_2025-12-09_19-55-31_boiled_mushroom.json,Chef,7,0,qwen2.5-3b
boiled_mushroom,baseline,Free-form,experiment_2025-12-09_19-55-31_boiled_mushroom.json,Chef,9,95,qwen2.5-3b
boiled_mushroom,baseline,Free-form,experiment_2025-12-09_19-55-31_boiled_mushroom.json,Chef,9,138,qwen2.5-3b
boiled_mushroom,baseline,Free-form,experiment_2025-12-09_19-55-31_boiled_mushroom.json,Chef,9,3591,qwen2.5-3b
boiled_mushroom,baseline,Free-form,experiment_2025-12-09_19-55-31_boiled_mushroom.json,Chef,9,141,qwen2.5-3b
boiled_mushroom,baseline,Free-form,experiment_2025-12-09_19-55-31_boiled_mushroom.json,Chef,9,0,qwen2.5-3b
boiled_mushroom,baseline,Free-form,experiment_2025-12-09_19-55-31_boiled_mushroom.json,Chef,13,173,qwen2.5-3b
boiled_mushroom,baseline,Free-form,experiment_2025-12-09_19-55-31_boiled_mushroom.json,Assistant,6,625,qwen2.5-3b
boiled_mushroom,baseline,Free-form,experiment_2025-12-09_19-55-31_boiled_mushroom.json,Assistant,6,177,qwen2.5-3b
boiled_mushroom,baseline,Free-form,experiment_2025-12-09_19-55-31_boiled_mushroom.json,Assistant,7,108,qwen2.5-3b
boiled_mushroom,baseline,Free-form,experiment_2025-12-09_19-55-31_boiled_mushroom.json,Assistant,7,97,qwen2.5-3b
boiled_mushroom,baseline,Free-form,experiment_2025-12-09_19-55-31_boiled_mushroom.json,Assistant,7,111,qwen2.5-3b
boiled_mushroom,baseline,Free-form,experiment_2025-12-09_19-55-31_boiled_mushroom.json,Assistant,7,100,qwen2.5-3b
boiled_mushroom,baseline,Free-form,experiment_2025-12-09_19-55-31_boiled_mushroom.json,Assistant,7,85,qwen2.5-3b
boiled_mushroom,baseline,Free-form,experiment_2025-12-09_19-55-31_boiled_mushroom.json,Assistant,7,81,qwen2.5-3b
boiled_mushroom,baseline,Free-form,experiment_2025-12-09_19-55-31_boiled_mushroom.json,Assistant,7,109,qwen2.5-3b
boiled_mushroom,baseline,Free-form,experiment_2025-12-09_19-55-31_boiled_mushroom.json,Assistant,7,108,qwen2.5-3b
boiled_mushroom,baseline,Free-form,experiment_2025-12-09_19-55-31_boiled_mushroom.json,Assistant,7,167,qwen2.5-3b
boiled_mushroom,baseline,Free-form,experiment_2025-12-09_19-55-31_boiled_mushroom.json,Assistant,7,138,qwen2.5-3b
boiled_mushroom,baseline,Free-form,experiment_2025-12-09_19-55-31_boiled_mushroom.json,Assistant,7,93,qwen2.5-3b
boiled_mushroom,baseline,Free-form,experiment_2025-12-09_19-55-31_boiled_mushroom.json,Assistant,7,164,qwen2.5-3b
boiled_mushroom,baseline,Free-form,experiment_2025-12-09_19-55-31_boiled_mushroom.json,Assistant,7,157,qwen2.5-3b
boiled_mushroom,baseline,Free-form,experiment_2025-12-09_19-55-31_boiled_mushroom.json,Assistant,7,96,qwen2.5-3b
boiled_mushroom,baseline,Free-form,experiment_2025-12-09_19-55-31_boiled_mushroom.json,Assistant,7,166,qwen2.5-3b
boiled_mushroom,baseline,Free-form,experiment_2025-12-09_19-55-31_boiled_mushroom.json,Assistant,7,311,qwen2.5-3b
boiled_mushroom,baseline,Free-form,experiment_2025-12-09_19-55-31_boiled_mushroom.json,Assistant,7,2560,qwen2.5-3b
boiled_mushroom,baseline,Free-form,experiment_2025-12-09_19-55-31_boiled_mushroom.json,Assistant,7,23,qwen2.5-3b
boiled_mushroom,baseline,Free-form,experiment_2025-12-09_19-55-31_boiled_mushroom.json,Assistant,7,133,qwen2.5-3b
boiled_mushroom,baseline,Free-form,experiment_2025-12-09_19-55-31_boiled_mushroom.json,Assistant,9,99,qwen2.5-3b
boiled_mushroom,baseline,Free-form,experiment_2025-12-09_19-55-31_boiled_mushroom.json,Assistant,9,108,qwen2.5-3b
boiled_mushroom,baseline,Free-form,experiment_2025-12-09_19-55-31_boiled_mushroom.json,Assistant,9,135,qwen2.5-3b
boiled_mushroom,baseline,Free-form,experiment_2025-12-09_19-55-31_boiled_mushroom.json,Assistant,9,3102,qwen2.5-3b
boiled_mushroom,baseline,Free-form,experiment_2025-12-09_19-55-31_boiled_mushroom.json,Assistant,9,73,qwen2.5-3b
boiled_mushroom,baseline,Free-form,experiment_2025-12-09_19-55-31_boiled_mushroom.json,Assistant,9,166,qwen2.5-3b
boiled_mushroom,baseline,Free-form,experiment_2025-12-09_19-55-31_boiled_mushroom.json,Assistant,13,233,qwen2.5-3b
boiled_mushroom,baseline,Free-form,experiment_2025-12-09_19-55-31_boiled_mushroom.json,Assistant,13,246,qwen2.5-3b
boiled_mushroom,baseline,Free-form,experiment_2025-12-09_20-05-20_boiled_mushroom.json,Chef,7,278,qwen2.5-3b
boiled_mushroom,baseline,Free-form,experiment_2025-12-09_20-05-20_boiled_mushroom.json,Chef,8,134,qwen2.5-3b
boiled_mushroom,baseline,Free-form,experiment_2025-12-09_20-05-20_boiled_mushroom.json,Chef,9,104,qwen2.5-3b
boiled_mushroom,baseline,Free-form,experiment_2025-12-09_20-05-20_boiled_mushroom.json,Chef,9,111,qwen2.5-3b
boiled_mushroom,baseline,Free-form,experiment_2025-12-09_20-05-20_boiled_mushroom.json,Chef,9,127,qwen2.5-3b
boiled_mushroom,baseline,Free-form,experiment_2025-12-09_20-05-20_boiled_mushroom.json,Chef,10,196,qwen2.5-3b
boiled_mushroom,baseline,Free-form,experiment_2025-12-09_20-05-20_boiled_mushroom.json,Chef,11,169,qwen2.5-3b
boiled_mushroom,baseline,Free-form,experiment_2025-12-09_20-05-20_boiled_mushroom.json,Chef,11,245,qwen2.5-3b
boiled_mushroom,baseline,Free-form,experiment_2025-12-09_20-05-20_boiled_mushroom.json,Chef,11,109,qwen2.5-3b
boiled_mushroom,baseline,Free-form,experiment_2025-12-09_20-05-20_boiled_mushroom.json,Chef,12,169,qwen2.5-3b
boiled_mushroom,baseline,Free-form,experiment_2025-12-09_20-05-20_boiled_mushroom.json,Chef,12,217,qwen2.5-3b
boiled_mushroom,baseline,Free-form,experiment_2025-12-09_20-05-20_boiled_mushroom.json,Chef,12,167,qwen2.5-3b
boiled_mushroom,baseline,Free-form,experiment_2025-12-09_20-05-20_boiled_mushroom.json,Chef,12,237,qwen2.5-3b
boiled_mushroom,baseline,Free-form,experiment_2025-12-09_20-05-20_boiled_mushroom.json,Chef,12,279,qwen2.5-3b
boiled_mushroom,baseline,Free-form,experiment_2025-12-09_20-05-20_boiled_mushroom.json,Chef,12,202,qwen2.5-3b
boiled_mushroom,baseline,Free-form,experiment_2025-12-09_20-05-20_boiled_mushroom.json,Chef,12,164,qwen2.5-3b
boiled_mushroom,baseline,Free-form,experiment_2025-12-09_20-05-20_boiled_mushroom.json,Chef,12,237,qwen2.5-3b
boiled_mushroom,baseline,Free-form,experiment_2025-12-09_20-05-20_boiled_mushroom.json,Chef,12,224,qwen2.5-3b
boiled_mushroom,baseline,Free-form,experiment_2025-12-09_20-05-20_boiled_mushroom.json,Chef,12,177,qwen2.5-3b
boiled_mushroom,baseline,Free-form,experiment_2025-12-09_20-05-20_boiled_mushroom.json,Chef,12,141,qwen2.5-3b
boiled_mushroom,baseline,Free-form,experiment_2025-12-09_20-05-20_boiled_mushroom.json,Chef,12,2512,qwen2.5-3b
boiled_mushroom,baseline,Free-form,experiment_2025-12-09_20-05-20_boiled_mushroom.json,Chef,13,74,qwen2.5-3b
boiled_mushroom,baseline,Free-form,experiment_2025-12-09_20-05-20_boiled_mushroom.json,Assistant,7,151,qwen2.5-3b
boiled_mushroom,baseline,Free-form,experiment_2025-12-09_20-05-20_boiled_mushroom.json,Assistant,7,193,qwen2.5-3b
boiled_mushroom,baseline,Free-form,experiment_2025-12-09_20-05-20_boiled_mushroom.json,Assistant,8,74,qwen2.5-3b
boiled_mushroom,baseline,Free-form,experiment_2025-12-09_20-05-20_boiled_mushroom.json,Assistant,8,168,qwen2.5-3b
boiled_mushroom,baseline,Free-form,experiment_2025-12-09_20-05-20_boiled_mushroom.json,Assistant,9,118,qwen2.5-3b
boiled_mushroom,baseline,Free-form,experiment_2025-12-09_20-05-20_boiled_mushroom.json,Assistant,9,85,qwen2.5-3b
boiled_mushroom,baseline,Free-form,experiment_2025-12-09_20-05-20_boiled_mushroom.json,Assistant,9,1674,qwen2.5-3b
boiled_mushroom,baseline,Free-form,experiment_2025-12-09_20-05-20_boiled_mushroom.json,Assistant,9,418,qwen2.5-3b
boiled_mushroom,baseline,Free-form,experiment_2025-12-09_20-05-20_boiled_mushroom.json,Assistant,10,146,qwen2.5-3b
boiled_mushroom,baseline,Free-form,experiment_2025-12-09_20-05-20_boiled_mushroom.json,Assistant,10,310,qwen2.5-3b
boiled_mushroom,baseline,Free-form,experiment_2025-12-09_20-05-20_boiled_mushroom.json,Assistant,11,81,qwen2.5-3b
boiled_mushroom,baseline,Free-form,experiment_2025-12-09_20-05-20_boiled_mushroom.json,Assistant,11,115,qwen2.5-3b
boiled_mushroom,baseline,Free-form,experiment_2025-12-09_20-05-20_boiled_mushroom.json,Assistant,11,202,qwen2.5-3b
boiled_mushroom,baseline,Free-form,experiment_2025-12-09_20-05-20_boiled_mushroom.json,Assistant,11,273,qwen2.5-3b
boiled_mushroom,baseline,Free-form,experiment_2025-12-09_20-05-20_boiled_mushroom.json,Assistant,12,178,qwen2.5-3b
boiled_mushroom,baseline,Free-form,experiment_2025-12-09_20-05-20_boiled_mushroom.json,Assistant,12,147,qwen2.5-3b
boiled_mushroom,baseline,Free-form,experiment_2025-12-09_20-05-20_boiled_mushroom.json,Assistant,12,163,qwen2.5-3b
boiled_mushroom,baseline,Free-form,experiment_2025-12-09_20-05-20_boiled_mushroom.json,Assistant,12,169,qwen2.5-3b
boiled_mushroom,baseline,Free-form,experiment_2025-12-09_20-05-20_boiled_mushroom.json,Assistant,12,259,qwen2.5-3b
boiled_mushroom,baseline,Free-form,experiment_2025-12-09_20-05-20_boiled_mushroom.json,Assistant,12,128,qwen2.5-3b
boiled_mushroom,baseline,Free-form,experiment_2025-12-09_20-05-20_boiled_mushroom.json,Assistant,12,182,qwen2.5-3b
boiled_mushroom,baseline,Free-form,experiment_2025-12-09_20-05-20_boiled_mushroom.json,Assistant,12,191,qwen2.5-3b
boiled_mushroom,baseline,Free-form,experiment_2025-12-09_20-05-20_boiled_mushroom.json,Assistant,12,128,qwen2.5-3b
boiled_mushroom,baseline,Free-form,experiment_2025-12-09_20-05-20_boiled_mushroom.json,Assistant,12,235,qwen2.5-3b
boiled_mushroom,baseline,Free-form,experiment_2025-12-09_20-05-20_boiled_mushroom.json,Assistant,12,134,qwen2.5-3b
boiled_mushroom,baseline,Free-form,experiment_2025-12-09_20-05-20_boiled_mushroom.json,Assistant,12,117,qwen2.5-3b
boiled_mushroom,baseline,Free-form,experiment_2025-12-09_20-05-20_boiled_mushroom.json,Assistant,12,154,qwen2.5-3b
boiled_mushroom,baseline,Free-form,experiment_2025-12-09_20-05-20_boiled_mushroom.json,Assistant,13,53,qwen2.5-3b
boiled_mushroom,baseline,Free-form,experiment_2025-12-09_20-05-20_boiled_mushroom.json,Assistant,13,408,qwen2.5-3b
boiled_mushroom,baseline,Free-form,experiment_2025-12-09_20-12-21_boiled_mushroom.json,Chef,5,158,qwen2.5-3b
boiled_mushroom,baseline,Free-form,experiment_2025-12-09_20-12-21_boiled_mushroom.json,Chef,5,121,qwen2.5-3b
boiled_mushroom,baseline,Free-form,experiment_2025-12-09_20-12-21_boiled_mushroom.json,Chef,5,106,qwen2.5-3b
boiled_mushroom,baseline,Free-form,experiment_2025-12-09_20-12-21_boiled_mushroom.json,Chef,5,305,qwen2.5-3b
boiled_mushroom,baseline,Free-form,experiment_2025-12-09_20-12-21_boiled_mushroom.json,Chef,5,336,qwen2.5-3b
boiled_mushroom,baseline,Free-form,experiment_2025-12-09_20-12-21_boiled_mushroom.json,Chef,5,497,qwen2.5-3b
boiled_mushroom,baseline,Free-form,experiment_2025-12-09_20-12-21_boiled_mushroom.json,Chef,5,3498,qwen2.5-3b
boiled_mushroom,baseline,Free-form,experiment_2025-12-09_20-12-21_boiled_mushroom.json,Chef,5,105,qwen2.5-3b
boiled_mushroom,baseline,Free-form,experiment_2025-12-09_20-12-21_boiled_mushroom.json,Chef,5,124,qwen2.5-3b
boiled_mushroom,baseline,Free-form,experiment_2025-12-09_20-12-21_boiled_mushroom.json,Chef,5,3409,qwen2.5-3b
boiled_mushroom,baseline,Free-form,experiment_2025-12-09_20-12-21_boiled_mushroom.json,Chef,5,171,qwen2.5-3b
boiled_mushroom,baseline,Free-form,experiment_2025-12-09_20-12-21_boiled_mushroom.json,Chef,5,184,qwen2.5-3b
boiled_mushroom,baseline,Free-form,experiment_2025-12-09_20-12-21_boiled_mushroom.json,Chef,5,119,qwen2.5-3b
boiled_mushroom,baseline,Free-form,experiment_2025-12-09_20-12-21_boiled_mushroom.json,Chef,6,327,qwen2.5-3b
boiled_mushroom,baseline,Free-form,experiment_2025-12-09_20-12-21_boiled_mushroom.json,Chef,6,245,qwen2.5-3b
boiled_mushroom,baseline,Free-form,experiment_2025-12-09_20-12-21_boiled_mushroom.json,Chef,7,161,qwen2.5-3b
boiled_mushroom,baseline,Free-form,experiment_2025-12-09_20-12-21_boiled_mushroom.json,Chef,7,164,qwen2.5-3b
boiled_mushroom,baseline,Free-form,experiment_2025-12-09_20-12-21_boiled_mushroom.json,Chef,7,3423,qwen2.5-3b
boiled_mushroom,baseline,Free-form,experiment_2025-12-09_20-12-21_boiled_mushroom.json,Chef,7,3208,qwen2.5-3b
boiled_mushroom,baseline,Free-form,experiment_2025-12-09_20-12-21_boiled_mushroom.json,Chef,8,94,qwen2.5-3b
boiled_mushroom,baseline,Free-form,experiment_2025-12-09_20-12-21_boiled_mushroom.json,Chef,9,225,qwen2.5-3b
boiled_mushroom,baseline,Free-form,experiment_2025-12-09_20-12-21_boiled_mushroom.json,Chef,9,105,qwen2.5-3b
boiled_mushroom,baseline,Free-form,experiment_2025-12-09_20-12-21_boiled_mushroom.json,Chef,9,126,qwen2.5-3b
boiled_mushroom,baseline,Free-form,experiment_2025-12-09_20-12-21_boiled_mushroom.json,Chef,9,108,qwen2.5-3b
boiled_mushroom,baseline,Free-form,experiment_2025-12-09_20-12-21_boiled_mushroom.json,Chef,9,147,qwen2.5-3b
boiled_mushroom,baseline,Free-form,experiment_2025-12-09_20-12-21_boiled_mushroom.json,Chef,9,111,qwen2.5-3b
boiled_mushroom,baseline,Free-form,experiment_2025-12-09_20-12-21_boiled_mushroom.json,Chef,9,98,qwen2.5-3b
boiled_mushroom,baseline,Free-form,experiment_2025-12-09_20-12-21_boiled_mushroom.json,Chef,9,3317,qwen2.5-3b
boiled_mushroom,baseline,Free-form,experiment_2025-12-09_20-12-21_boiled_mushroom.json,Chef,9,97,qwen2.5-3b
boiled_mushroom,baseline,Free-form,experiment_2025-12-09_20-12-21_boiled_mushroom.json,Chef,9,184,qwen2.5-3b
boiled_mushroom,baseline,Free-form,experiment_2025-12-09_20-12-21_boiled_mushroom.json,Chef,9,295,qwen2.5-3b
boiled_mushroom,baseline,Free-form,experiment_2025-12-09_20-12-21_boiled_mushroom.json,Chef,9,164,qwen2.5-3b
boiled_mushroom,baseline,Free-form,experiment_2025-12-09_20-12-21_boiled_mushroom.json,Chef,9,153,qwen2.5-3b
boiled_mushroom,baseline,Free-form,experiment_2025-12-09_20-12-21_boiled_mushroom.json,Chef,9,165,qwen2.5-3b
boiled_mushroom,baseline,Free-form,experiment_2025-12-09_20-12-21_boiled_mushroom.json,Chef,9,151,qwen2.5-3b
boiled_mushroom,baseline,Free-form,experiment_2025-12-09_20-12-21_boiled_mushroom.json,Chef,9,162,qwen2.5-3b
boiled_mushroom,baseline,Free-form,experiment_2025-12-09_20-12-21_boiled_mushroom.json,Chef,9,193,qwen2.5-3b
boiled_mushroom,baseline,Free-form,experiment_2025-12-09_20-12-21_boiled_mushroom.json,Chef,9,112,qwen2.5-3b
boiled_mushroom,baseline,Free-form,experiment_2025-12-09_20-12-21_boiled_mushroom.json,Chef,9,168,qwen2.5-3b
boiled_mushroom,baseline,Free-form,experiment_2025-12-09_20-12-21_boiled_mushroom.json,Chef,9,193,qwen2.5-3b
boiled_mushroom,baseline,Free-form,experiment_2025-12-09_20-12-21_boiled_mushroom.json,Chef,9,198,qwen2.5-3b
boiled_mushroom,baseline,Free-form,experiment_2025-12-09_20-12-21_boiled_mushroom.json,Chef,9,199,qwen2.5-3b
boiled_mushroom,baseline,Free-form,experiment_2025-12-09_20-12-21_boiled_mushroom.json,Chef,9,144,qwen2.5-3b
boiled_mushroom,baseline,Free-form,experiment_2025-12-09_20-12-21_boiled_mushroom.json,Chef,9,104,qwen2.5-3b
boiled_mushroom,baseline,Free-form,experiment_2025-12-09_20-12-21_boiled_mushroom.json,Chef,9,149,qwen2.5-3b
boiled_mushroom,baseline,Free-form,experiment_2025-12-09_20-12-21_boiled_mushroom.json,Chef,9,178,qwen2.5-3b
boiled_mushroom,baseline,Free-form,experiment_2025-12-09_20-12-21_boiled_mushroom.json,Chef,9,104,qwen2.5-3b
boiled_mushroom,baseline,Free-form,experiment_2025-12-09_20-12-21_boiled_mushroom.json,Chef,9,93,qwen2.5-3b
boiled_mushroom,baseline,Free-form,experiment_2025-12-09_20-12-21_boiled_mushroom.json,Chef,9,110,qwen2.5-3b
boiled_mushroom,baseline,Free-form,experiment_2025-12-09_20-12-21_boiled_mushroom.json,Chef,10,208,qwen2.5-3b
boiled_mushroom,baseline,Free-form,experiment_2025-12-09_20-12-21_boiled_mushroom.json,Chef,11,92,qwen2.5-3b
boiled_mushroom,baseline,Free-form,experiment_2025-12-09_20-12-21_boiled_mushroom.json,Chef,11,185,qwen2.5-3b
boiled_mushroom,baseline,Free-form,experiment_2025-12-09_20-12-21_boiled_mushroom.json,Chef,11,131,qwen2.5-3b
boiled_mushroom,baseline,Free-form,experiment_2025-12-09_20-12-21_boiled_mushroom.json,Chef,11,3572,qwen2.5-3b
boiled_mushroom,baseline,Free-form,experiment_2025-12-09_20-12-21_boiled_mushroom.json,Chef,11,142,qwen2.5-3b
boiled_mushroom,baseline,Free-form,experiment_2025-12-09_20-12-21_boiled_mushroom.json,Chef,11,3407,qwen2.5-3b
boiled_mushroom,baseline,Free-form,experiment_2025-12-09_20-12-21_boiled_mushroom.json,Chef,12,91,qwen2.5-3b
boiled_mushroom,baseline,Free-form,experiment_2025-12-09_20-12-21_boiled_mushroom.json,Chef,12,135,qwen2.5-3b
boiled_mushroom,baseline,Free-form,experiment_2025-12-09_20-12-21_boiled_mushroom.json,Chef,12,155,qwen2.5-3b
boiled_mushroom,baseline,Free-form,experiment_2025-12-09_20-12-21_boiled_mushroom.json,Chef,12,172,qwen2.5-3b
boiled_mushroom,baseline,Free-form,experiment_2025-12-09_20-12-21_boiled_mushroom.json,Chef,12,109,qwen2.5-3b
boiled_mushroom,baseline,Free-form,experiment_2025-12-09_20-12-21_boiled_mushroom.json,Chef,12,147,qwen2.5-3b
boiled_mushroom,baseline,Free-form,experiment_2025-12-09_20-12-21_boiled_mushroom.json,Chef,12,131,qwen2.5-3b
boiled_mushroom,baseline,Free-form,experiment_2025-12-09_20-12-21_boiled_mushroom.json,Assistant,5,124,qwen2.5-3b
boiled_mushroom,baseline,Free-form,experiment_2025-12-09_20-12-21_boiled_mushroom.json,Assistant,5,110,qwen2.5-3b
boiled_mushroom,baseline,Free-form,experiment_2025-12-09_20-12-21_boiled_mushroom.json,Assistant,5,124,qwen2.5-3b
boiled_mushroom,baseline,Free-form,experiment_2025-12-09_20-12-21_boiled_mushroom.json,Assistant,5,185,qwen2.5-3b
boiled_mushroom,baseline,Free-form,experiment_2025-12-09_20-12-21_boiled_mushroom.json,Assistant,5,148,qwen2.5-3b
boiled_mushroom,baseline,Free-form,experiment_2025-12-09_20-12-21_boiled_mushroom.json,Assistant,5,134,qwen2.5-3b
boiled_mushroom,baseline,Free-form,experiment_2025-12-09_20-12-21_boiled_mushroom.json,Assistant,5,126,qwen2.5-3b
boiled_mushroom,baseline,Free-form,experiment_2025-12-09_20-12-21_boiled_mushroom.json,Assistant,5,106,qwen2.5-3b
boiled_mushroom,baseline,Free-form,experiment_2025-12-09_20-12-21_boiled_mushroom.json,Assistant,5,114,qwen2.5-3b
boiled_mushroom,baseline,Free-form,experiment_2025-12-09_20-12-21_boiled_mushroom.json,Assistant,5,123,qwen2.5-3b
boiled_mushroom,baseline,Free-form,experiment_2025-12-09_20-12-21_boiled_mushroom.json,Assistant,5,116,qwen2.5-3b
boiled_mushroom,baseline,Free-form,experiment_2025-12-09_20-12-21_boiled_mushroom.json,Assistant,5,124,qwen2.5-3b
boiled_mushroom,baseline,Free-form,experiment_2025-12-09_20-12-21_boiled_mushroom.json,Assistant,5,190,qwen2.5-3b
boiled_mushroom,baseline,Free-form,experiment_2025-12-09_20-12-21_boiled_mushroom.json,Assistant,5,120,qwen2.5-3b
boiled_mushroom,baseline,Free-form,experiment_2025-12-09_20-12-21_boiled_mushroom.json,Assistant,6,131,qwen2.5-3b
boiled_mushroom,baseline,Free-form,experiment_2025-12-09_20-12-21_boiled_mushroom.json,Assistant,6,1588,qwen2.5-3b
boiled_mushroom,baseline,Free-form,experiment_2025-12-09_20-12-21_boiled_mushroom.json,Assistant,6,160,qwen2.5-3b
boiled_mushroom,baseline,Free-form,experiment_2025-12-09_20-12-21_boiled_mushroom.json,Assistant,7,72,qwen2.5-3b
boiled_mushroom,baseline,Free-form,experiment_2025-12-09_20-12-21_boiled_mushroom.json,Assistant,7,97,qwen2.5-3b
boiled_mushroom,baseline,Free-form,experiment_2025-12-09_20-12-21_boiled_mushroom.json,Assistant,7,177,qwen2.5-3b
boiled_mushroom,baseline,Free-form,experiment_2025-12-09_20-12-21_boiled_mushroom.json,Assistant,7,3342,qwen2.5-3b
boiled_mushroom,baseline,Free-form,experiment_2025-12-09_20-12-21_boiled_mushroom.json,Assistant,7,120,qwen2.5-3b
boiled_mushroom,baseline,Free-form,experiment_2025-12-09_20-12-21_boiled_mushroom.json,Assistant,8,104,qwen2.5-3b
boiled_mushroom,baseline,Free-form,experiment_2025-12-09_20-12-21_boiled_mushroom.json,Assistant,8,169,qwen2.5-3b
boiled_mushroom,baseline,Free-form,experiment_2025-12-09_20-12-21_boiled_mushroom.json,Assistant,9,96,qwen2.5-3b
boiled_mushroom,baseline,Free-form,experiment_2025-12-09_20-12-21_boiled_mushroom.json,Assistant,9,112,qwen2.5-3b
boiled_mushroom,baseline,Free-form,experiment_2025-12-09_20-12-21_boiled_mushroom.json,Assistant,9,123,qwen2.5-3b
boiled_mushroom,baseline,Free-form,experiment_2025-12-09_20-12-21_boiled_mushroom.json,Assistant,9,190,qwen2.5-3b
boiled_mushroom,baseline,Free-form,experiment_2025-12-09_20-12-21_boiled_mushroom.json,Assistant,9,217,qwen2.5-3b
boiled_mushroom,baseline,Free-form,experiment_2025-12-09_20-12-21_boiled_mushroom.json,Assistant,9,181,qwen2.5-3b
boiled_mushroom,baseline,Free-form,experiment_2025-12-09_20-12-21_boiled_mushroom.json,Assistant,9,288,qwen2.5-3b
boiled_mushroom,baseline,Free-form,experiment_2025-12-09_20-12-21_boiled_mushroom.json,Assistant,9,275,qwen2.5-3b
boiled_mushroom,baseline,Free-form,experiment_2025-12-09_20-12-21_boiled_mushroom.json,Assistant,9,292,qwen2.5-3b
boiled_mushroom,baseline,Free-form,experiment_2025-12-09_20-12-21_boiled_mushroom.json,Assistant,9,261,qwen2.5-3b
boiled_mushroom,baseline,Free-form,experiment_2025-12-09_20-12-21_boiled_mushroom.json,Assistant,9,277,qwen2.5-3b
boiled_mushroom,baseline,Free-form,experiment_2025-12-09_20-12-21_boiled_mushroom.json,Assistant,9,284,qwen2.5-3b
boiled_mushroom,baseline,Free-form,experiment_2025-12-09_20-12-21_boiled_mushroom.json,Assistant,9,280,qwen2.5-3b
boiled_mushroom,baseline,Free-form,experiment_2025-12-09_20-12-21_boiled_mushroom.json,Assistant,9,260,qwen2.5-3b
boiled_mushroom,baseline,Free-form,experiment_2025-12-09_20-12-21_boiled_mushroom.json,Assistant,9,117,qwen2.5-3b
boiled_mushroom,baseline,Free-form,experiment_2025-12-09_20-12-21_boiled_mushroom.json,Assistant,9,112,qwen2.5-3b
boiled_mushroom,baseline,Free-form,experiment_2025-12-09_20-12-21_boiled_mushroom.json,Assistant,9,112,qwen2.5-3b
boiled_mushroom,baseline,Free-form,experiment_2025-12-09_20-12-21_boiled_mushroom.json,Assistant,9,309,qwen2.5-3b
boiled_mushroom,baseline,Free-form,experiment_2025-12-09_20-12-21_boiled_mushroom.json,Assistant,9,264,qwen2.5-3b
boiled_mushroom,baseline,Free-form,experiment_2025-12-09_20-12-21_boiled_mushroom.json,Assistant,9,254,qwen2.5-3b
boiled_mushroom,baseline,Free-form,experiment_2025-12-09_20-12-21_boiled_mushroom.json,Assistant,9,297,qwen2.5-3b
boiled_mushroom,baseline,Free-form,experiment_2025-12-09_20-12-21_boiled_mushroom.json,Assistant,9,245,qwen2.5-3b
boiled_mushroom,baseline,Free-form,experiment_2025-12-09_20-12-21_boiled_mushroom.json,Assistant,9,250,qwen2.5-3b
boiled_mushroom,baseline,Free-form,experiment_2025-12-09_20-12-21_boiled_mushroom.json,Assistant,9,229,qwen2.5-3b
boiled_mushroom,baseline,Free-form,experiment_2025-12-09_20-12-21_boiled_mushroom.json,Assistant,9,152,qwen2.5-3b
boiled_mushroom,baseline,Free-form,experiment_2025-12-09_20-12-21_boiled_mushroom.json,Assistant,9,111,qwen2.5-3b
boiled_mushroom,baseline,Free-form,experiment_2025-12-09_20-12-21_boiled_mushroom.json,Assistant,9,123,qwen2.5-3b
boiled_mushroom,baseline,Free-form,experiment_2025-12-09_20-12-21_boiled_mushroom.json,Assistant,9,136,qwen2.5-3b
boiled_mushroom,baseline,Free-form,experiment_2025-12-09_20-12-21_boiled_mushroom.json,Assistant,9,306,qwen2.5-3b
boiled_mushroom,baseline,Free-form,experiment_2025-12-09_20-12-21_boiled_mushroom.json,Assistant,9,102,qwen2.5-3b
boiled_mushroom,baseline,Free-form,experiment_2025-12-09_20-12-21_boiled_mushroom.json,Assistant,10,371,qwen2.5-3b
boiled_mushroom,baseline,Free-form,experiment_2025-12-09_20-12-21_boiled_mushroom.json,Assistant,10,373,qwen2.5-3b
boiled_mushroom,baseline,Free-form,experiment_2025-12-09_20-12-21_boiled_mushroom.json,Assistant,11,91,qwen2.5-3b
boiled_mushroom,baseline,Free-form,experiment_2025-12-09_20-12-21_boiled_mushroom.json,Assistant,11,120,qwen2.5-3b
boiled_mushroom,baseline,Free-form,experiment_2025-12-09_20-12-21_boiled_mushroom.json,Assistant,11,103,qwen2.5-3b
boiled_mushroom,baseline,Free-form,experiment_2025-12-09_20-12-21_boiled_mushroom.json,Assistant,11,203,qwen2.5-3b
boiled_mushroom,baseline,Free-form,experiment_2025-12-09_20-12-21_boiled_mushroom.json,Assistant,11,281,qwen2.5-3b
boiled_mushroom,baseline,Free-form,experiment_2025-12-09_20-12-21_boiled_mushroom.json,Assistant,11,272,qwen2.5-3b
boiled_mushroom,baseline,Free-form,experiment_2025-12-09_20-12-21_boiled_mushroom.json,Assistant,11,104,qwen2.5-3b
boiled_mushroom,baseline,Free-form,experiment_2025-12-09_20-12-21_boiled_mushroom.json,Assistant,12,137,qwen2.5-3b
boiled_mushroom,baseline,Free-form,experiment_2025-12-09_20-12-21_boiled_mushroom.json,Assistant,12,138,qwen2.5-3b
boiled_mushroom,baseline,Free-form,experiment_2025-12-09_20-12-21_boiled_mushroom.json,Assistant,12,168,qwen2.5-3b
boiled_mushroom,baseline,Free-form,experiment_2025-12-09_20-12-21_boiled_mushroom.json,Assistant,12,139,qwen2.5-3b
boiled_mushroom,baseline,Free-form,experiment_2025-12-09_20-12-21_boiled_mushroom.json,Assistant,12,164,qwen2.5-3b
boiled_mushroom,baseline,Free-form,experiment_2025-12-09_20-12-21_boiled_mushroom.json,Assistant,12,197,qwen2.5-3b
boiled_mushroom,baseline,Free-form,experiment_2025-12-09_20-12-21_boiled_mushroom.json,Assistant,12,3554,qwen2.5-3b
boiled_mushroom,baseline,Free-form,experiment_2025-12-09_20-12-21_boiled_mushroom.json,Assistant,12,105,qwen2.5-3b
boiled_mushroom,baseline,Free-form,experiment_2025-12-09_20-29-19_boiled_mushroom.json,Chef,7,64,qwen2.5-3b
boiled_mushroom,baseline,Free-form,experiment_2025-12-09_20-29-19_boiled_mushroom.json,Chef,7,115,qwen2.5-3b
boiled_mushroom,baseline,Free-form,experiment_2025-12-09_20-29-19_boiled_mushroom.json,Chef,7,3106,qwen2.5-3b
boiled_mushroom,baseline,Free-form,experiment_2025-12-09_20-29-19_boiled_mushroom.json,Chef,7,0,qwen2.5-3b
boiled_mushroom,baseline,Free-form,experiment_2025-12-09_20-29-19_boiled_mushroom.json,Chef,9,159,qwen2.5-3b
boiled_mushroom,baseline,Free-form,experiment_2025-12-09_20-29-19_boiled_mushroom.json,Chef,10,298,qwen2.5-3b
boiled_mushroom,baseline,Free-form,experiment_2025-12-09_20-29-19_boiled_mushroom.json,Chef,12,153,qwen2.5-3b
boiled_mushroom,baseline,Free-form,experiment_2025-12-09_20-29-19_boiled_mushroom.json,Chef,12,169,qwen2.5-3b
boiled_mushroom,baseline,Free-form,experiment_2025-12-09_20-29-19_boiled_mushroom.json,Chef,13,169,qwen2.5-3b
boiled_mushroom,baseline,Free-form,experiment_2025-12-09_20-29-19_boiled_mushroom.json,Assistant,7,228,qwen2.5-3b
boiled_mushroom,baseline,Free-form,experiment_2025-12-09_20-29-19_boiled_mushroom.json,Assistant,7,382,qwen2.5-3b
boiled_mushroom,baseline,Free-form,experiment_2025-12-09_20-29-19_boiled_mushroom.json,Assistant,7,3228,qwen2.5-3b
boiled_mushroom,baseline,Free-form,experiment_2025-12-09_20-29-19_boiled_mushroom.json,Assistant,7,6,qwen2.5-3b
boiled_mushroom,baseline,Free-form,experiment_2025-12-09_20-29-19_boiled_mushroom.json,Assistant,7,140,qwen2.5-3b
boiled_mushroom,baseline,Free-form,experiment_2025-12-09_20-29-19_boiled_mushroom.json,Assistant,9,157,qwen2.5-3b
boiled_mushroom,baseline,Free-form,experiment_2025-12-09_20-29-19_boiled_mushroom.json,Assistant,9,391,qwen2.5-3b
boiled_mushroom,baseline,Free-form,experiment_2025-12-09_20-29-19_boiled_mushroom.json,Assistant,10,478,qwen2.5-3b
boiled_mushroom,baseline,Free-form,experiment_2025-12-09_20-29-19_boiled_mushroom.json,Assistant,10,574,qwen2.5-3b
boiled_mushroom,baseline,Free-form,experiment_2025-12-09_20-29-19_boiled_mushroom.json,Assistant,12,126,qwen2.5-3b
boiled_mushroom,baseline,Free-form,experiment_2025-12-09_20-29-19_boiled_mushroom.json,Assistant,12,86,qwen2.5-3b
boiled_mushroom,baseline,Free-form,experiment_2025-12-09_20-29-19_boiled_mushroom.json,Assistant,12,270,qwen2.5-3b
boiled_mushroom,baseline,Free-form,experiment_2025-12-09_20-29-19_boiled_mushroom.json,Assistant,13,139,qwen2.5-3b
boiled_mushroom,baseline,Free-form,experiment_2025-12-09_20-29-19_boiled_mushroom.json,Assistant,13,200,qwen2.5-3b
boiled_mushroom,baseline,Free-form,experiment_2025-12-09_20-36-17_boiled_mushroom.json,Chef,5,83,qwen2.5-3b
boiled_mushroom,baseline,Free-form,experiment_2025-12-09_20-36-17_boiled_mushroom.json,Chef,7,110,qwen2.5-3b
boiled_mushroom,baseline,Free-form,experiment_2025-12-09_20-36-17_boiled_mushroom.json,Chef,8,269,qwen2.5-3b
boiled_mushroom,baseline,Free-form,experiment_2025-12-09_20-36-17_boiled_mushroom.json,Chef,9,82,qwen2.5-3b
boiled_mushroom,baseline,Free-form,experiment_2025-12-09_20-36-17_boiled_mushroom.json,Chef,9,142,qwen2.5-3b
boiled_mushroom,baseline,Free-form,experiment_2025-12-09_20-36-17_boiled_mushroom.json,Chef,9,97,qwen2.5-3b
boiled_mushroom,baseline,Free-form,experiment_2025-12-09_20-36-17_boiled_mushroom.json,Chef,9,118,qwen2.5-3b
boiled_mushroom,baseline,Free-form,experiment_2025-12-09_20-36-17_boiled_mushroom.json,Chef,9,0,qwen2.5-3b
boiled_mushroom,baseline,Free-form,experiment_2025-12-09_20-36-17_boiled_mushroom.json,Chef,10,100,qwen2.5-3b
boiled_mushroom,baseline,Free-form,experiment_2025-12-09_20-36-17_boiled_mushroom.json,Chef,11,126,qwen2.5-3b
boiled_mushroom,baseline,Free-form,experiment_2025-12-09_20-36-17_boiled_mushroom.json,Chef,11,281,qwen2.5-3b
boiled_mushroom,baseline,Free-form,experiment_2025-12-09_20-36-17_boiled_mushroom.json,Chef,11,235,qwen2.5-3b
boiled_mushroom,baseline,Free-form,experiment_2025-12-09_20-36-17_boiled_mushroom.json,Chef,11,295,qwen2.5-3b
boiled_mushroom,baseline,Free-form,experiment_2025-12-09_20-36-17_boiled_mushroom.json,Chef,11,215,qwen2.5-3b
boiled_mushroom,baseline,Free-form,experiment_2025-12-09_20-36-17_boiled_mushroom.json,Chef,11,156,qwen2.5-3b
boiled_mushroom,baseline,Free-form,experiment_2025-12-09_20-36-17_boiled_mushroom.json,Chef,11,148,qwen2.5-3b
boiled_mushroom,baseline,Free-form,experiment_2025-12-09_20-36-17_boiled_mushroom.json,Chef,11,122,qwen2.5-3b
boiled_mushroom,baseline,Free-form,experiment_2025-12-09_20-36-17_boiled_mushroom.json,Chef,11,2539,qwen2.5-3b
boiled_mushroom,baseline,Free-form,experiment_2025-12-09_20-36-17_boiled_mushroom.json,Chef,11,144,qwen2.5-3b
boiled_mushroom,baseline,Free-form,experiment_2025-12-09_20-36-17_boiled_mushroom.json,Chef,11,123,qwen2.5-3b
boiled_mushroom,baseline,Free-form,experiment_2025-12-09_20-36-17_boiled_mushroom.json,Chef,11,134,qwen2.5-3b
boiled_mushroom,baseline,Free-form,experiment_2025-12-09_20-36-17_boiled_mushroom.json,Chef,11,0,qwen2.5-3b
boiled_mushroom,baseline,Free-form,experiment_2025-12-09_20-36-17_boiled_mushroom.json,Assistant,5,87,qwen2.5-3b
boiled_mushroom,baseline,Free-form,experiment_2025-12-09_20-36-17_boiled_mushroom.json,Assistant,5,186,qwen2.5-3b
boiled_mushroom,baseline,Free-form,experiment_2025-12-09_20-36-17_boiled_mushroom.json,Assistant,7,131,qwen2.5-3b
boiled_mushroom,baseline,Free-form,experiment_2025-12-09_20-36-17_boiled_mushroom.json,Assistant,7,251,qwen2.5-3b
boiled_mushroom,baseline,Free-form,experiment_2025-12-09_20-36-17_boiled_mushroom.json,Assistant,8,97,qwen2.5-3b
boiled_mushroom,baseline,Free-form,experiment_2025-12-09_20-36-17_boiled_mushroom.json,Assistant,8,365,qwen2.5-3b
boiled_mushroom,baseline,Free-form,experiment_2025-12-09_20-36-17_boiled_mushroom.json,Assistant,9,67,qwen2.5-3b
boiled_mushroom,baseline,Free-form,experiment_2025-12-09_20-36-17_boiled_mushroom.json,Assistant,9,113,qwen2.5-3b
boiled_mushroom,baseline,Free-form,experiment_2025-12-09_20-36-17_boiled_mushroom.json,Assistant,9,296,qwen2.5-3b
boiled_mushroom,baseline,Free-form,experiment_2025-12-09_20-36-17_boiled_mushroom.json,Assistant,9,3373,qwen2.5-3b
boiled_mushroom,baseline,Free-form,experiment_2025-12-09_20-36-17_boiled_mushroom.json,Assistant,9,57,qwen2.5-3b
boiled_mushroom,baseline,Free-form,experiment_2025-12-09_20-36-17_boiled_mushroom.json,Assistant,9,164,qwen2.5-3b
boiled_mushroom,baseline,Free-form,experiment_2025-12-09_20-36-17_boiled_mushroom.json,Assistant,10,298,qwen2.5-3b
boiled_mushroom,baseline,Free-form,experiment_2025-12-09_20-36-17_boiled_mushroom.json,Assistant,10,287,qwen2.5-3b
boiled_mushroom,baseline,Free-form,experiment_2025-12-09_20-36-17_boiled_mushroom.json,Assistant,11,170,qwen2.5-3b
boiled_mushroom,baseline,Free-form,experiment_2025-12-09_20-36-17_boiled_mushroom.json,Assistant,11,145,qwen2.5-3b
boiled_mushroom,baseline,Free-form,experiment_2025-12-09_20-36-17_boiled_mushroom.json,Assistant,11,211,qwen2.5-3b
boiled_mushroom,baseline,Free-form,experiment_2025-12-09_20-36-17_boiled_mushroom.json,Assistant,11,274,qwen2.5-3b
boiled_mushroom,baseline,Free-form,experiment_2025-12-09_20-36-17_boiled_mushroom.json,Assistant,11,229,qwen2.5-3b
boiled_mushroom,baseline,Free-form,experiment_2025-12-09_20-36-17_boiled_mushroom.json,Assistant,11,328,qwen2.5-3b
boiled_mushroom,baseline,Free-form,experiment_2025-12-09_20-36-17_boiled_mushroom.json,Assistant,11,348,qwen2.5-3b
boiled_mushroom,baseline,Free-form,experiment_2025-12-09_20-36-17_boiled_mushroom.json,Assistant,11,118,qwen2.5-3b
boiled_mushroom,baseline,Free-form,experiment_2025-12-09_20-36-17_boiled_mushroom.json,Assistant,11,147,qwen2.5-3b
boiled_mushroom,baseline,Free-form,experiment_2025-12-09_20-36-17_boiled_mushroom.json,Assistant,11,145,qwen2.5-3b
boiled_mushroom,baseline,Free-form,experiment_2025-12-09_20-36-17_boiled_mushroom.json,Assistant,11,177,qwen2.5-3b
boiled_mushroom,baseline,Free-form,experiment_2025-12-09_20-36-17_boiled_mushroom.json,Assistant,11,2436,qwen2.5-3b
boiled_mushroom,baseline,Free-form,experiment_2025-12-09_20-36-17_boiled_mushroom.json,Assistant,11,98,qwen2.5-3b
boiled_mushroom,baseline,Free-form,experiment_2025-12-09_20-36-17_boiled_mushroom.json,Assistant,11,358,qwen2.5-3b
boiled_mushroom,baseline,Free-form,experiment_2025-12-09_20-46-26_boiled_mushroom.json,Chef,5,146,qwen2.5-3b
boiled_mushroom,baseline,Free-form,experiment_2025-12-09_20-46-26_boiled_mushroom.json,Chef,5,131,qwen2.5-3b
boiled_mushroom,baseline,Free-form,experiment_2025-12-09_20-46-26_boiled_mushroom.json,Chef,5,155,qwen2.5-3b
boiled_mushroom,baseline,Free-form,experiment_2025-12-09_20-46-26_boiled_mushroom.json,Chef,5,191,qwen2.5-3b
boiled_mushroom,baseline,Free-form,experiment_2025-12-09_20-46-26_boiled_mushroom.json,Chef,5,116,qwen2.5-3b
boiled_mushroom,baseline,Free-form,experiment_2025-12-09_20-46-26_boiled_mushroom.json,Chef,5,139,qwen2.5-3b
boiled_mushroom,baseline,Free-form,experiment_2025-12-09_20-46-26_boiled_mushroom.json,Chef,5,138,qwen2.5-3b
boiled_mushroom,baseline,Free-form,experiment_2025-12-09_20-46-26_boiled_mushroom.json,Chef,5,126,qwen2.5-3b
boiled_mushroom,baseline,Free-form,experiment_2025-12-09_20-46-26_boiled_mushroom.json,Chef,5,167,qwen2.5-3b
boiled_mushroom,baseline,Free-form,experiment_2025-12-09_20-46-26_boiled_mushroom.json,Chef,5,139,qwen2.5-3b
boiled_mushroom,baseline,Free-form,experiment_2025-12-09_20-46-26_boiled_mushroom.json,Chef,5,190,qwen2.5-3b
boiled_mushroom,baseline,Free-form,experiment_2025-12-09_20-46-26_boiled_mushroom.json,Chef,5,197,qwen2.5-3b
boiled_mushroom,baseline,Free-form,experiment_2025-12-09_20-46-26_boiled_mushroom.json,Chef,5,145,qwen2.5-3b
boiled_mushroom,baseline,Free-form,experiment_2025-12-09_20-46-26_boiled_mushroom.json,Chef,5,156,qwen2.5-3b
boiled_mushroom,baseline,Free-form,experiment_2025-12-09_20-46-26_boiled_mushroom.json,Chef,7,0,qwen2.5-3b
boiled_mushroom,baseline,Free-form,experiment_2025-12-09_20-46-26_boiled_mushroom.json,Chef,7,0,qwen2.5-3b
boiled_mushroom,baseline,Free-form,experiment_2025-12-09_20-46-26_boiled_mushroom.json,Chef,8,111,qwen2.5-3b
boiled_mushroom,baseline,Free-form,experiment_2025-12-09_20-46-26_boiled_mushroom.json,Chef,11,124,qwen2.5-3b
boiled_mushroom,baseline,Free-form,experiment_2025-12-09_20-46-26_boiled_mushroom.json,Chef,11,121,qwen2.5-3b
boiled_mushroom,baseline,Free-form,experiment_2025-12-09_20-46-26_boiled_mushroom.json,Chef,11,115,qwen2.5-3b
boiled_mushroom,baseline,Free-form,experiment_2025-12-09_20-46-26_boiled_mushroom.json,Chef,11,153,qwen2.5-3b
boiled_mushroom,baseline,Free-form,experiment_2025-12-09_20-46-26_boiled_mushroom.json,Chef,11,115,qwen2.5-3b
boiled_mushroom,baseline,Free-form,experiment_2025-12-09_20-46-26_boiled_mushroom.json,Chef,12,130,qwen2.5-3b
boiled_mushroom,baseline,Free-form,experiment_2025-12-09_20-46-26_boiled_mushroom.json,Chef,13,124,qwen2.5-3b
boiled_mushroom,baseline,Free-form,experiment_2025-12-09_20-46-26_boiled_mushroom.json,Assistant,5,138,qwen2.5-3b
boiled_mushroom,baseline,Free-form,experiment_2025-12-09_20-46-26_boiled_mushroom.json,Assistant,5,154,qwen2.5-3b
boiled_mushroom,baseline,Free-form,experiment_2025-12-09_20-46-26_boiled_mushroom.json,Assistant,5,158,qwen2.5-3b
boiled_mushroom,baseline,Free-form,experiment_2025-12-09_20-46-26_boiled_mushroom.json,Assistant,5,194,qwen2.5-3b
boiled_mushroom,baseline,Free-form,experiment_2025-12-09_20-46-26_boiled_mushroom.json,Assistant,5,162,qwen2.5-3b
boiled_mushroom,baseline,Free-form,experiment_2025-12-09_20-46-26_boiled_mushroom.json,Assistant,5,147,qwen2.5-3b
boiled_mushroom,baseline,Free-form,experiment_2025-12-09_20-46-26_boiled_mushroom.json,Assistant,5,152,qwen2.5-3b
boiled_mushroom,baseline,Free-form,experiment_2025-12-09_20-46-26_boiled_mushroom.json,Assistant,5,155,qwen2.5-3b
boiled_mushroom,baseline,Free-form,experiment_2025-12-09_20-46-26_boiled_mushroom.json,Assistant,5,120,qwen2.5-3b
boiled_mushroom,baseline,Free-form,experiment_2025-12-09_20-46-26_boiled_mushroom.json,Assistant,5,157,qwen2.5-3b
boiled_mushroom,baseline,Free-form,experiment_2025-12-09_20-46-26_boiled_mushroom.json,Assistant,5,148,qwen2.5-3b
boiled_mushroom,baseline,Free-form,experiment_2025-12-09_20-46-26_boiled_mushroom.json,Assistant,5,173,qwen2.5-3b
boiled_mushroom,baseline,Free-form,experiment_2025-12-09_20-46-26_boiled_mushroom.json,Assistant,5,167,qwen2.5-3b
boiled_mushroom,baseline,Free-form,experiment_2025-12-09_20-46-26_boiled_mushroom.json,Assistant,5,146,qwen2.5-3b
boiled_mushroom,baseline,Free-form,experiment_2025-12-09_20-46-26_boiled_mushroom.json,Assistant,5,108,qwen2.5-3b
boiled_mushroom,baseline,Free-form,experiment_2025-12-09_20-46-26_boiled_mushroom.json,Assistant,7,118,qwen2.5-3b
boiled_mushroom,baseline,Free-form,experiment_2025-12-09_20-46-26_boiled_mushroom.json,Assistant,7,74,qwen2.5-3b
boiled_mushroom,baseline,Free-form,experiment_2025-12-09_20-46-26_boiled_mushroom.json,Assistant,7,3906,qwen2.5-3b
boiled_mushroom,baseline,Free-form,experiment_2025-12-09_20-46-26_boiled_mushroom.json,Assistant,8,603,qwen2.5-3b
boiled_mushroom,baseline,Free-form,experiment_2025-12-09_20-46-26_boiled_mushroom.json,Assistant,8,202,qwen2.5-3b
boiled_mushroom,baseline,Free-form,experiment_2025-12-09_20-46-26_boiled_mushroom.json,Assistant,11,115,qwen2.5-3b
boiled_mushroom,baseline,Free-form,experiment_2025-12-09_20-46-26_boiled_mushroom.json,Assistant,11,139,qwen2.5-3b
boiled_mushroom,baseline,Free-form,experiment_2025-12-09_20-46-26_boiled_mushroom.json,Assistant,11,150,qwen2.5-3b
boiled_mushroom,baseline,Free-form,experiment_2025-12-09_20-46-26_boiled_mushroom.json,Assistant,11,173,qwen2.5-3b
boiled_mushroom,baseline,Free-form,experiment_2025-12-09_20-46-26_boiled_mushroom.json,Assistant,11,245,qwen2.5-3b
boiled_mushroom,baseline,Free-form,experiment_2025-12-09_20-46-26_boiled_mushroom.json,Assistant,11,117,qwen2.5-3b
boiled_mushroom,baseline,Free-form,experiment_2025-12-09_20-46-26_boiled_mushroom.json,Assistant,12,265,qwen2.5-3b
boiled_mushroom,baseline,Free-form,experiment_2025-12-09_20-46-26_boiled_mushroom.json,Assistant,12,449,qwen2.5-3b
boiled_mushroom,baseline,Free-form,experiment_2025-12-09_20-46-26_boiled_mushroom.json,Assistant,13,395,qwen2.5-3b
boiled_mushroom,baseline,Free-form,experiment_2025-12-09_20-46-26_boiled_mushroom.json,Assistant,13,448,qwen2.5-3b
boiled_mushroom,baseline,Free-form,experiment_2025-12-09_21-02-17_boiled_mushroom.json,Chef,5,183,qwen2.5-3b
boiled_mushroom,baseline,Free-form,experiment_2025-12-09_21-02-17_boiled_mushroom.json,Chef,5,109,qwen2.5-3b
boiled_mushroom,baseline,Free-form,experiment_2025-12-09_21-02-17_boiled_mushroom.json,Chef,6,72,qwen2.5-3b
boiled_mushroom,baseline,Free-form,experiment_2025-12-09_21-02-17_boiled_mushroom.json,Chef,6,69,qwen2.5-3b
boiled_mushroom,baseline,Free-form,experiment_2025-12-09_21-02-17_boiled_mushroom.json,Chef,6,0,qwen2.5-3b
boiled_mushroom,baseline,Free-form,experiment_2025-12-09_21-02-17_boiled_mushroom.json,Chef,7,428,qwen2.5-3b
boiled_mushroom,baseline,Free-form,experiment_2025-12-09_21-02-17_boiled_mushroom.json,Chef,9,85,qwen2.5-3b
boiled_mushroom,baseline,Free-form,experiment_2025-12-09_21-02-17_boiled_mushroom.json,Chef,9,99,qwen2.5-3b
boiled_mushroom,baseline,Free-form,experiment_2025-12-09_21-02-17_boiled_mushroom.json,Chef,9,62,qwen2.5-3b
boiled_mushroom,baseline,Free-form,experiment_2025-12-09_21-02-17_boiled_mushroom.json,Chef,9,160,qwen2.5-3b
boiled_mushroom,baseline,Free-form,experiment_2025-12-09_21-02-17_boiled_mushroom.json,Chef,9,0,qwen2.5-3b
boiled_mushroom,baseline,Free-form,experiment_2025-12-09_21-02-17_boiled_mushroom.json,Chef,12,146,qwen2.5-3b
boiled_mushroom,baseline,Free-form,experiment_2025-12-09_21-02-17_boiled_mushroom.json,Chef,13,426,qwen2.5-3b
boiled_mushroom,baseline,Free-form,experiment_2025-12-09_21-02-17_boiled_mushroom.json,Assistant,5,129,qwen2.5-3b
boiled_mushroom,baseline,Free-form,experiment_2025-12-09_21-02-17_boiled_mushroom.json,Assistant,5,379,qwen2.5-3b
boiled_mushroom,baseline,Free-form,experiment_2025-12-09_21-02-17_boiled_mushroom.json,Assistant,5,127,qwen2.5-3b
boiled_mushroom,baseline,Free-form,experiment_2025-12-09_21-02-17_boiled_mushroom.json,Assistant,6,69,qwen2.5-3b
boiled_mushroom,baseline,Free-form,experiment_2025-12-09_21-02-17_boiled_mushroom.json,Assistant,6,3735,qwen2.5-3b
boiled_mushroom,baseline,Free-form,experiment_2025-12-09_21-02-17_boiled_mushroom.json,Assistant,6,55,qwen2.5-3b
boiled_mushroom,baseline,Free-form,experiment_2025-12-09_21-02-17_boiled_mushroom.json,Assistant,6,184,qwen2.5-3b
boiled_mushroom,baseline,Free-form,experiment_2025-12-09_21-02-17_boiled_mushroom.json,Assistant,7,230,qwen2.5-3b
boiled_mushroom,baseline,Free-form,experiment_2025-12-09_21-02-17_boiled_mushroom.json,Assistant,7,170,qwen2.5-3b
boiled_mushroom,baseline,Free-form,experiment_2025-12-09_21-02-17_boiled_mushroom.json,Assistant,9,114,qwen2.5-3b
boiled_mushroom,baseline,Free-form,experiment_2025-12-09_21-02-17_boiled_mushroom.json,Assistant,9,94,qwen2.5-3b
boiled_mushroom,baseline,Free-form,experiment_2025-12-09_21-02-17_boiled_mushroom.json,Assistant,9,113,qwen2.5-3b
boiled_mushroom,baseline,Free-form,experiment_2025-12-09_21-02-17_boiled_mushroom.json,Assistant,9,3132,qwen2.5-3b
boiled_mushroom,baseline,Free-form,experiment_2025-12-09_21-02-17_boiled_mushroom.json,Assistant,9,47,qwen2.5-3b
boiled_mushroom,baseline,Free-form,experiment_2025-12-09_21-02-17_boiled_mushroom.json,Assistant,9,226,qwen2.5-3b
boiled_mushroom,baseline,Free-form,experiment_2025-12-09_21-02-17_boiled_mushroom.json,Assistant,12,337,qwen2.5-3b
boiled_mushroom,baseline,Free-form,experiment_2025-12-09_21-02-17_boiled_mushroom.json,Assistant,12,197,qwen2.5-3b
boiled_mushroom,baseline,Free-form,experiment_2025-12-09_21-02-17_boiled_mushroom.json,Assistant,13,208,qwen2.5-3b
boiled_mushroom,baseline,Free-form,experiment_2025-12-09_21-02-17_boiled_mushroom.json,Assistant,13,120,qwen2.5-3b
boiled_mushroom,reduced,Reduced,experiment_2025-12-09_21-35-27_boiled_mushroom.json,Assistant,6,272,qwen2.5-3b
boiled_mushroom,reduced,Reduced,experiment_2025-12-09_21-35-27_boiled_mushroom.json,Assistant,7,183,qwen2.5-3b
boiled_mushroom,reduced,Reduced,experiment_2025-12-09_21-36-24_boiled_mushroom.json,Assistant,6,290,qwen2.5-3b
boiled_mushroom,reduced,Reduced,experiment_2025-12-09_21-39-50_boiled_mushroom.json,Assistant,6,150,qwen2.5-3b
boiled_mushroom,reduced,Reduced,experiment_2025-12-09_21-39-50_boiled_mushroom.json,Assistant,7,275,qwen2.5-3b
boiled_mushroom,reduced,Reduced,experiment_2025-12-09_21-39-50_boiled_mushroom.json,Assistant,10,259,qwen2.5-3b
boiled_mushroom,reduced,Reduced,experiment_2025-12-09_21-39-50_boiled_mushroom.json,Assistant,11,225,qwen2.5-3b
boiled_mushroom,reduced,Reduced,experiment_2025-12-09_21-40-58_boiled_mushroom.json,Assistant,5,197,qwen2.5-3b
boiled_mushroom,reduced,Reduced,experiment_2025-12-09_21-40-58_boiled_mushroom.json,Assistant,6,709,qwen2.5-3b
boiled_mushroom,reduced,Reduced,experiment_2025-12-09_21-42-54_boiled_mushroom.json,Assistant,5,215,qwen2.5-3b
boiled_mushroom,reduced,Reduced,experiment_2025-12-09_21-42-54_boiled_mushroom.json,Assistant,6,128,qwen2.5-3b
boiled_mushroom,reduced,Reduced,experiment_2025-12-09_21-42-54_boiled_mushroom.json,Assistant,8,292,qwen2.5-3b
boiled_mushroom,reduced,Reduced,experiment_2025-12-09_21-42-54_boiled_mushroom.json,Assistant,9,393,qwen2.5-3b
boiled_mushroom,reduced,Reduced,experiment_2025-12-09_21-42-54_boiled_mushroom.json,Assistant,10,161,qwen2.5-3b
boiled_mushroom,reduced,Reduced,experiment_2025-12-09_21-44-24_boiled_mushroom.json,Assistant,6,217,qwen2.5-3b
boiled_mushroom,reduced,Reduced,experiment_2025-12-09_21-44-24_boiled_mushroom.json,Assistant,8,120,qwen2.5-3b
boiled_mushroom,reduced,Reduced,experiment_2025-12-09_21-44-24_boiled_mushroom.json,Assistant,9,160,qwen2.5-3b
boiled_mushroom,reduced,Reduced,experiment_2025-12-09_21-44-24_boiled_mushroom.json,Assistant,10,196,qwen2.5-3b
boiled_mushroom,reduced,Reduced,experiment_2025-12-09_21-44-24_boiled_mushroom.json,Assistant,11,244,qwen2.5-3b
boiled_mushroom,reduced,Reduced,experiment_2025-12-09_21-44-24_boiled_mushroom.json,Assistant,12,3843,qwen2.5-3b
boiled_mushroom,reduced,Reduced,experiment_2025-12-09_21-44-24_boiled_mushroom.json,Assistant,13,134,qwen2.5-3b
boiled_mushroom,reduced,Reduced,experiment_2025-12-09_21-51-49_boiled_mushroom.json,Assistant,5,139,qwen2.5-3b
boiled_mushroom,reduced,Reduced,experiment_2025-12-09_21-51-49_boiled_mushroom.json,Assistant,6,164,qwen2.5-3b
boiled_mushroom,reduced,Reduced,experiment_2025-12-09_21-51-49_boiled_mushroom.json,Assistant,7,255,qwen2.5-3b
boiled_mushroom,reduced,Reduced,experiment_2025-12-09_21-51-49_boiled_mushroom.json,Assistant,8,137,qwen2.5-3b
boiled_mushroom,reduced,Reduced,experiment_2025-12-09_21-51-49_boiled_mushroom.json,Assistant,9,113,qwen2.5-3b
boiled_mushroom,reduced,Reduced,experiment_2025-12-09_21-51-49_boiled_mushroom.json,Assistant,10,191,qwen2.5-3b
boiled_mushroom,reduced,Reduced,experiment_2025-12-09_21-51-49_boiled_mushroom.json,Assistant,11,280,qwen2.5-3b
boiled_mushroom,reduced,Reduced,experiment_2025-12-09_21-52-35_boiled_mushroom.json,Assistant,5,107,qwen2.5-3b
boiled_mushroom,reduced,Reduced,experiment_2025-12-09_21-52-35_boiled_mushroom.json,Assistant,6,145,qwen2.5-3b
boiled_mushroom,reduced,Reduced,experiment_2025-12-09_21-52-35_boiled_mushroom.json,Assistant,13,168,qwen2.5-3b
boiled_mushroom,reduced,Reduced,experiment_2025-12-09_21-56-48_boiled_mushroom.json,Assistant,5,112,qwen2.5-3b
boiled_mushroom,reduced,Reduced,experiment_2025-12-09_21-56-48_boiled_mushroom.json,Assistant,6,149,qwen2.5-3b
boiled_mushroom,reduced,Reduced,experiment_2025-12-09_21-56-48_boiled_mushroom.json,Assistant,7,161,qwen2.5-3b
boiled_mushroom,reduced,Reduced,experiment_2025-12-09_21-56-48_boiled_mushroom.json,Assistant,8,269,qwen2.5-3b
boiled_mushroom,reduced,Reduced,experiment_2025-12-09_21-56-48_boiled_mushroom.json,Assistant,10,425,qwen2.5-3b
boiled_mushroom,reduced,Reduced,experiment_2025-12-09_21-56-48_boiled_mushroom.json,Assistant,11,227,qwen2.5-3b
boiled_mushroom,reduced,Reduced,experiment_2025-12-09_21-56-48_boiled_mushroom.json,Assistant,12,287,qwen2.5-3b
boiled_mushroom,reduced,Reduced,experiment_2025-12-09_21-56-48_boiled_mushroom.json,Assistant,13,175,qwen2.5-3b
boiled_mushroom,reduced,Reduced,experiment_2025-12-09_21-58-11_boiled_mushroom.json,Assistant,6,565,qwen2.5-3b
boiled_mushroom,reduced,Reduced,experiment_2025-12-09_21-58-11_boiled_mushroom.json,Assistant,7,153,qwen2.5-3b
boiled_mushroom,reduced,Reduced,experiment_2025-12-09_21-58-11_boiled_mushroom.json,Assistant,8,125,qwen2.5-3b
boiled_mushroom,reduced,Reduced,experiment_2025-12-09_21-58-11_boiled_mushroom.json,Assistant,9,116,qwen2.5-3b
boiled_mushroom,reduced,Reduced,experiment_2025-12-09_21-58-11_boiled_mushroom.json,Assistant,12,490,qwen2.5-3b
boiled_mushroom,reduced,Reduced,experiment_2025-12-09_21-58-11_boiled_mushroom.json,Assistant,13,220,qwen2.5-3b
boiled_mushroom,reduced,Reduced,experiment_2025-12-09_21-58-11_boiled_mushroom.json,Assistant,14,194,qwen2.5-3b
taro_bean_and_bell_pepper_patty,baseline,Free-form,experiment_2025-12-09_22-10-00_taro_bean_and_bell_pepper_patty.json,Chef,50,300,qwen2.5-3b
taro_bean_and_bell_pepper_patty,baseline,Free-form,experiment_2025-12-09_22-10-00_taro_bean_and_bell_pepper_patty.json,Chef,51,123,qwen2.5-3b
taro_bean_and_bell_pepper_patty,baseline,Free-form,experiment_2025-12-09_22-10-00_taro_bean_and_bell_pepper_patty.json,Chef,53,92,qwen2.5-3b
taro_bean_and_bell_pepper_patty,baseline,Free-form,experiment_2025-12-09_22-10-00_taro_bean_and_bell_pepper_patty.json,Chef,53,0,qwen2.5-3b
taro_bean_and_bell_pepper_patty,baseline,Free-form,experiment_2025-12-09_22-10-00_taro_bean_and_bell_pepper_patty.json,Chef,56,127,qwen2.5-3b
taro_bean_and_bell_pepper_patty,baseline,Free-form,experiment_2025-12-09_22-10-00_taro_bean_and_bell_pepper_patty.json,Chef,57,87,qwen2.5-3b
taro_bean_and_bell_pepper_patty,baseline,Free-form,experiment_2025-12-09_22-10-00_taro_bean_and_bell_pepper_patty.json,Chef,57,161,qwen2.5-3b
taro_bean_and_bell_pepper_patty,baseline,Free-form,experiment_2025-12-09_22-10-00_taro_bean_and_bell_pepper_patty.json,Chef,57,260,qwen2.5-3b
taro_bean_and_bell_pepper_patty,baseline,Free-form,experiment_2025-12-09_22-10-00_taro_bean_and_bell_pepper_patty.json,Chef,57,156,qwen2.5-3b
taro_bean_and_bell_pepper_patty,baseline,Free-form,experiment_2025-12-09_22-10-00_taro_bean_and_bell_pepper_patty.json,Chef,57,110,qwen2.5-3b
taro_bean_and_bell_pepper_patty,baseline,Free-form,experiment_2025-12-09_22-10-00_taro_bean_and_bell_pepper_patty.json,Chef,57,115,qwen2.5-3b
taro_bean_and_bell_pepper_patty,baseline,Free-form,experiment_2025-12-09_22-10-00_taro_bean_and_bell_pepper_patty.json,Chef,57,0,qwen2.5-3b
taro_bean_and_bell_pepper_patty,baseline,Free-form,experiment_2025-12-09_22-10-00_taro_bean_and_bell_pepper_patty.json,Assistant,50,525,qwen2.5-3b
taro_bean_and_bell_pepper_patty,baseline,Free-form,experiment_2025-12-09_22-10-00_taro_bean_and_bell_pepper_patty.json,Assistant,50,302,qwen2.5-3b
taro_bean_and_bell_pepper_patty,baseline,Free-form,experiment_2025-12-09_22-10-00_taro_bean_and_bell_pepper_patty.json,Assistant,51,164,qwen2.5-3b
taro_bean_and_bell_pepper_patty,baseline,Free-form,experiment_2025-12-09_22-10-00_taro_bean_and_bell_pepper_patty.json,Assistant,51,448,qwen2.5-3b
taro_bean_and_bell_pepper_patty,baseline,Free-form,experiment_2025-12-09_22-10-00_taro_bean_and_bell_pepper_patty.json,Assistant,53,3397,qwen2.5-3b
taro_bean_and_bell_pepper_patty,baseline,Free-form,experiment_2025-12-09_22-10-00_taro_bean_and_bell_pepper_patty.json,Assistant,53,50,qwen2.5-3b
taro_bean_and_bell_pepper_patty,baseline,Free-form,experiment_2025-12-09_22-10-00_taro_bean_and_bell_pepper_patty.json,Assistant,53,577,qwen2.5-3b
taro_bean_and_bell_pepper_patty,baseline,Free-form,experiment_2025-12-09_22-10-00_taro_bean_and_bell_pepper_patty.json,Assistant,56,228,qwen2.5-3b
taro_bean_and_bell_pepper_patty,baseline,Free-form,experiment_2025-12-09_22-10-00_taro_bean_and_bell_pepper_patty.json,Assistant,56,188,qwen2.5-3b
taro_bean_and_bell_pepper_patty,baseline,Free-form,experiment_2025-12-09_22-10-00_taro_bean_and_bell_pepper_patty.json,Assistant,57,65,qwen2.5-3b
taro_bean_and_bell_pepper_patty,baseline,Free-form,experiment_2025-12-09_22-10-00_taro_bean_and_bell_pepper_patty.json,Assistant,57,86,qwen2.5-3b
taro_bean_and_bell_pepper_patty,baseline,Free-form,experiment_2025-12-09_22-10-00_taro_bean_and_bell_pepper_patty.json,Assistant,57,231,qwen2.5-3b
taro_bean_and_bell_pepper_patty,baseline,Free-form,experiment_2025-12-09_22-10-00_taro_bean_and_bell_pepper_patty.json,Assistant,57,80,qwen2.5-3b
taro_bean_and_bell_pepper_patty,baseline,Free-form,experiment_2025-12-09_22-10-00_taro_bean_and_bell_pepper_patty.json,Assistant,57,493,qwen2.5-3b
taro_bean_and_bell_pepper_patty,baseline,Free-form,experiment_2025-12-09_22-10-00_taro_bean_and_bell_pepper_patty.json,Assistant,57,2862,qwen2.5-3b
taro_bean_and_bell_pepper_patty,baseline,Free-form,experiment_2025-12-09_22-10-00_taro_bean_and_bell_pepper_patty.json,Assistant,57,0,qwen2.5-3b
taro_bean_and_bell_pepper_patty,baseline,Free-form,experiment_2025-12-09_22-10-00_taro_bean_and_bell_pepper_patty.json,Assistant,57,127,qwen2.5-3b
taro_bean_and_bell_pepper_patty,baseline,Free-form,experiment_2025-12-09_22-25-55_taro_bean_and_bell_pepper_patty.json,Chef,50,113,qwen2.5-3b
taro_bean_and_bell_pepper_patty,baseline,Free-form,experiment_2025-12-09_22-25-55_taro_bean_and_bell_pepper_patty.json,Chef,50,429,qwen2.5-3b
taro_bean_and_bell_pepper_patty,baseline,Free-form,experiment_2025-12-09_22-25-55_taro_bean_and_bell_pepper_patty.json,Chef,50,121,qwen2.5-3b
taro_bean_and_bell_pepper_patty,baseline,Free-form,experiment_2025-12-09_22-25-55_taro_bean_and_bell_pepper_patty.json,Chef,50,138,qwen2.5-3b
taro_bean_and_bell_pepper_patty,baseline,Free-form,experiment_2025-12-09_22-25-55_taro_bean_and_bell_pepper_patty.json,Chef,50,89,qwen2.5-3b
taro_bean_and_bell_pepper_patty,baseline,Free-form,experiment_2025-12-09_22-25-55_taro_bean_and_bell_pepper_patty.json,Chef,50,100,qwen2.5-3b
taro_bean_and_bell_pepper_patty,baseline,Free-form,experiment_2025-12-09_22-25-55_taro_bean_and_bell_pepper_patty.json,Chef,50,110,qwen2.5-3b
taro_bean_and_bell_pepper_patty,baseline,Free-form,experiment_2025-12-09_22-25-55_taro_bean_and_bell_pepper_patty.json,Chef,50,100,qwen2.5-3b
taro_bean_and_bell_pepper_patty,baseline,Free-form,experiment_2025-12-09_22-25-55_taro_bean_and_bell_pepper_patty.json,Chef,50,116,qwen2.5-3b
taro_bean_and_bell_pepper_patty,baseline,Free-form,experiment_2025-12-09_22-25-55_taro_bean_and_bell_pepper_patty.json,Chef,50,145,qwen2.5-3b
taro_bean_and_bell_pepper_patty,baseline,Free-form,experiment_2025-12-09_22-25-55_taro_bean_and_bell_pepper_patty.json,Chef,50,193,qwen2.5-3b
taro_bean_and_bell_pepper_patty,baseline,Free-form,experiment_2025-12-09_22-25-55_taro_bean_and_bell_pepper_patty.json,Chef,50,172,qwen2.5-3b
taro_bean_and_bell_pepper_patty,baseline,Free-form,experiment_2025-12-09_22-25-55_taro_bean_and_bell_pepper_patty.json,Chef,50,115,qwen2.5-3b
taro_bean_and_bell_pepper_patty,baseline,Free-form,experiment_2025-12-09_22-25-55_taro_bean_and_bell_pepper_patty.json,Chef,50,115,qwen2.5-3b
taro_bean_and_bell_pepper_patty,baseline,Free-form,experiment_2025-12-09_22-25-55_taro_bean_and_bell_pepper_patty.json,Chef,50,136,qwen2.5-3b
taro_bean_and_bell_pepper_patty,baseline,Free-form,experiment_2025-12-09_22-25-55_taro_bean_and_bell_pepper_patty.json,Chef,50,276,qwen2.5-3b
taro_bean_and_bell_pepper_patty,baseline,Free-form,experiment_2025-12-09_22-25-55_taro_bean_and_bell_pepper_patty.json,Chef,50,108,qwen2.5-3b
taro_bean_and_bell_pepper_patty,baseline,Free-form,experiment_2025-12-09_22-25-55_taro_bean_and_bell_pepper_patty.json,Chef,50,187,qwen2.5-3b
taro_bean_and_bell_pepper_patty,baseline,Free-form,experiment_2025-12-09_22-25-55_taro_bean_and_bell_pepper_patty.json,Chef,50,135,qwen2.5-3b
taro_bean_and_bell_pepper_patty,baseline,Free-form,experiment_2025-12-09_22-25-55_taro_bean_and_bell_pepper_patty.json,Chef,50,138,qwen2.5-3b
taro_bean_and_bell_pepper_patty,baseline,Free-form,experiment_2025-12-09_22-25-55_taro_bean_and_bell_pepper_patty.json,Chef,50,167,qwen2.5-3b
taro_bean_and_bell_pepper_patty,baseline,Free-form,experiment_2025-12-09_22-25-55_taro_bean_and_bell_pepper_patty.json,Chef,50,168,qwen2.5-3b
taro_bean_and_bell_pepper_patty,baseline,Free-form,experiment_2025-12-09_22-25-55_taro_bean_and_bell_pepper_patty.json,Chef,50,165,qwen2.5-3b
taro_bean_and_bell_pepper_patty,baseline,Free-form,experiment_2025-12-09_22-25-55_taro_bean_and_bell_pepper_patty.json,Chef,50,161,qwen2.5-3b
taro_bean_and_bell_pepper_patty,baseline,Free-form,experiment_2025-12-09_22-25-55_taro_bean_and_bell_pepper_patty.json,Chef,50,451,qwen2.5-3b
taro_bean_and_bell_pepper_patty,baseline,Free-form,experiment_2025-12-09_22-25-55_taro_bean_and_bell_pepper_patty.json,Chef,50,2351,qwen2.5-3b
taro_bean_and_bell_pepper_patty,baseline,Free-form,experiment_2025-12-09_22-25-55_taro_bean_and_bell_pepper_patty.json,Assistant,50,141,qwen2.5-3b
taro_bean_and_bell_pepper_patty,baseline,Free-form,experiment_2025-12-09_22-25-55_taro_bean_and_bell_pepper_patty.json,Assistant,50,147,qwen2.5-3b
taro_bean_and_bell_pepper_patty,baseline,Free-form,experiment_2025-12-09_22-25-55_taro_bean_and_bell_pepper_patty.json,Assistant,50,171,qwen2.5-3b
taro_bean_and_bell_pepper_patty,baseline,Free-form,experiment_2025-12-09_22-25-55_taro_bean_and_bell_pepper_patty.json,Assistant,50,150,qwen2.5-3b
taro_bean_and_bell_pepper_patty,baseline,Free-form,experiment_2025-12-09_22-25-55_taro_bean_and_bell_pepper_patty.json,Assistant,50,143,qwen2.5-3b
taro_bean_and_bell_pepper_patty,baseline,Free-form,experiment_2025-12-09_22-25-55_taro_bean_and_bell_pepper_patty.json,Assistant,50,108,qwen2.5-3b
taro_bean_and_bell_pepper_patty,baseline,Free-form,experiment_2025-12-09_22-25-55_taro_bean_and_bell_pepper_patty.json,Assistant,50,172,qwen2.5-3b
taro_bean_and_bell_pepper_patty,baseline,Free-form,experiment_2025-12-09_22-25-55_taro_bean_and_bell_pepper_patty.json,Assistant,50,126,qwen2.5-3b
taro_bean_and_bell_pepper_patty,baseline,Free-form,experiment_2025-12-09_22-25-55_taro_bean_and_bell_pepper_patty.json,Assistant,50,254,qwen2.5-3b
taro_bean_and_bell_pepper_patty,baseline,Free-form,experiment_2025-12-09_22-25-55_taro_bean_and_bell_pepper_patty.json,Assistant,50,162,qwen2.5-3b
taro_bean_and_bell_pepper_patty,baseline,Free-form,experiment_2025-12-09_22-25-55_taro_bean_and_bell_pepper_patty.json,Assistant,50,129,qwen2.5-3b
taro_bean_and_bell_pepper_patty,baseline,Free-form,experiment_2025-12-09_22-25-55_taro_bean_and_bell_pepper_patty.json,Assistant,50,121,qwen2.5-3b
taro_bean_and_bell_pepper_patty,baseline,Free-form,experiment_2025-12-09_22-25-55_taro_bean_and_bell_pepper_patty.json,Assistant,50,144,qwen2.5-3b
taro_bean_and_bell_pepper_patty,baseline,Free-form,experiment_2025-12-09_22-25-55_taro_bean_and_bell_pepper_patty.json,Assistant,50,135,qwen2.5-3b
taro_bean_and_bell_pepper_patty,baseline,Free-form,experiment_2025-12-09_22-25-55_taro_bean_and_bell_pepper_patty.json,Assistant,50,119,qwen2.5-3b
taro_bean_and_bell_pepper_patty,baseline,Free-form,experiment_2025-12-09_22-25-55_taro_bean_and_bell_pepper_patty.json,Assistant,50,137,qwen2.5-3b
taro_bean_and_bell_pepper_patty,baseline,Free-form,experiment_2025-12-09_22-25-55_taro_bean_and_bell_pepper_patty.json,Assistant,50,117,qwen2.5-3b
taro_bean_and_bell_pepper_patty,baseline,Free-form,experiment_2025-12-09_22-25-55_taro_bean_and_bell_pepper_patty.json,Assistant,50,161,qwen2.5-3b
taro_bean_and_bell_pepper_patty,baseline,Free-form,experiment_2025-12-09_22-25-55_taro_bean_and_bell_pepper_patty.json,Assistant,50,175,qwen2.5-3b
taro_bean_and_bell_pepper_patty,baseline,Free-form,experiment_2025-12-09_22-25-55_taro_bean_and_bell_pepper_patty.json,Assistant,50,162,qwen2.5-3b
taro_bean_and_bell_pepper_patty,baseline,Free-form,experiment_2025-12-09_22-25-55_taro_bean_and_bell_pepper_patty.json,Assistant,50,235,qwen2.5-3b
taro_bean_and_bell_pepper_patty,baseline,Free-form,experiment_2025-12-09_22-25-55_taro_bean_and_bell_pepper_patty.json,Assistant,50,129,qwen2.5-3b
taro_bean_and_bell_pepper_patty,baseline,Free-form,experiment_2025-12-09_22-25-55_taro_bean_and_bell_pepper_patty.json,Assistant,50,133,qwen2.5-3b
taro_bean_and_bell_pepper_patty,baseline,Free-form,experiment_2025-12-09_22-25-55_taro_bean_and_bell_pepper_patty.json,Assistant,50,215,qwen2.5-3b
taro_bean_and_bell_pepper_patty,baseline,Free-form,experiment_2025-12-09_22-25-55_taro_bean_and_bell_pepper_patty.json,Assistant,50,191,qwen2.5-3b
taro_bean_and_bell_pepper_patty,baseline,Free-form,experiment_2025-12-09_22-25-55_taro_bean_and_bell_pepper_patty.json,Assistant,50,408,qwen2.5-3b
taro_bean_and_bell_pepper_patty,baseline,Free-form,experiment_2025-12-09_22-25-55_taro_bean_and_bell_pepper_patty.json,Assistant,50,113,qwen2.5-3b
taro_bean_and_bell_pepper_patty,baseline,Free-form,experiment_2025-12-09_22-48-32_taro_bean_and_bell_pepper_patty.json,Chef,50,125,qwen2.5-3b
taro_bean_and_bell_pepper_patty,baseline,Free-form,experiment_2025-12-09_22-48-32_taro_bean_and_bell_pepper_patty.json,Chef,51,162,qwen2.5-3b
taro_bean_and_bell_pepper_patty,baseline,Free-form,experiment_2025-12-09_22-48-32_taro_bean_and_bell_pepper_patty.json,Chef,52,162,qwen2.5-3b
taro_bean_and_bell_pepper_patty,baseline,Free-form,experiment_2025-12-09_22-48-32_taro_bean_and_bell_pepper_patty.json,Chef,52,98,qwen2.5-3b
taro_bean_and_bell_pepper_patty,baseline,Free-form,experiment_2025-12-09_22-48-32_taro_bean_and_bell_pepper_patty.json,Chef,54,0,qwen2.5-3b
taro_bean_and_bell_pepper_patty,baseline,Free-form,experiment_2025-12-09_22-48-32_taro_bean_and_bell_pepper_patty.json,Chef,54,0,qwen2.5-3b
taro_bean_and_bell_pepper_patty,baseline,Free-form,experiment_2025-12-09_22-48-32_taro_bean_and_bell_pepper_patty.json,Chef,56,238,qwen2.5-3b
taro_bean_and_bell_pepper_patty,baseline,Free-form,experiment_2025-12-09_22-48-32_taro_bean_and_bell_pepper_patty.json,Chef,56,233,qwen2.5-3b
taro_bean_and_bell_pepper_patty,baseline,Free-form,experiment_2025-12-09_22-48-32_taro_bean_and_bell_pepper_patty.json,Chef,56,0,qwen2.5-3b
taro_bean_and_bell_pepper_patty,baseline,Free-form,experiment_2025-12-09_22-48-32_taro_bean_and_bell_pepper_patty.json,Assistant,50,71,qwen2.5-3b
taro_bean_and_bell_pepper_patty,baseline,Free-form,experiment_2025-12-09_22-48-32_taro_bean_and_bell_pepper_patty.json,Assistant,50,194,qwen2.5-3b
taro_bean_and_bell_pepper_patty,baseline,Free-form,experiment_2025-12-09_22-48-32_taro_bean_and_bell_pepper_patty.json,Assistant,51,152,qwen2.5-3b
taro_bean_and_bell_pepper_patty,baseline,Free-form,experiment_2025-12-09_22-48-32_taro_bean_and_bell_pepper_patty.json,Assistant,51,1195,qwen2.5-3b
taro_bean_and_bell_pepper_patty,baseline,Free-form,experiment_2025-12-09_22-48-32_taro_bean_and_bell_pepper_patty.json,Assistant,52,110,qwen2.5-3b
taro_bean_and_bell_pepper_patty,baseline,Free-form,experiment_2025-12-09_22-48-32_taro_bean_and_bell_pepper_patty.json,Assistant,52,141,qwen2.5-3b
taro_bean_and_bell_pepper_patty,baseline,Free-form,experiment_2025-12-09_22-48-32_taro_bean_and_bell_pepper_patty.json,Assistant,52,158,qwen2.5-3b
taro_bean_and_bell_pepper_patty,baseline,Free-form,experiment_2025-12-09_22-48-32_taro_bean_and_bell_pepper_patty.json,Assistant,54,120,qwen2.5-3b
taro_bean_and_bell_pepper_patty,baseline,Free-form,experiment_2025-12-09_22-48-32_taro_bean_and_bell_pepper_patty.json,Assistant,54,54,qwen2.5-3b
taro_bean_and_bell_pepper_patty,baseline,Free-form,experiment_2025-12-09_22-48-32_taro_bean_and_bell_pepper_patty.json,Assistant,54,3850,qwen2.5-3b
taro_bean_and_bell_pepper_patty,baseline,Free-form,experiment_2025-12-09_22-48-32_taro_bean_and_bell_pepper_patty.json,Assistant,56,298,qwen2.5-3b
taro_bean_and_bell_pepper_patty,baseline,Free-form,experiment_2025-12-09_22-48-32_taro_bean_and_bell_pepper_patty.json,Assistant,56,3431,qwen2.5-3b
taro_bean_and_bell_pepper_patty,baseline,Free-form,experiment_2025-12-09_22-48-32_taro_bean_and_bell_pepper_patty.json,Assistant,56,85,qwen2.5-3b
taro_bean_and_bell_pepper_patty,baseline,Free-form,experiment_2025-12-09_22-48-32_taro_bean_and_bell_pepper_patty.json,Assistant,56,342,qwen2.5-3b
taro_bean_and_bell_pepper_patty,baseline,Free-form,experiment_2025-12-09_22-54-04_taro_bean_and_bell_pepper_patty.json,Chef,51,152,qwen2.5-3b
taro_bean_and_bell_pepper_patty,baseline,Free-form,experiment_2025-12-09_22-54-04_taro_bean_and_bell_pepper_patty.json,Chef,51,160,qwen2.5-3b
taro_bean_and_bell_pepper_patty,baseline,Free-form,experiment_2025-12-09_22-54-04_taro_bean_and_bell_pepper_patty.json,Chef,51,105,qwen2.5-3b
taro_bean_and_bell_pepper_patty,baseline,Free-form,experiment_2025-12-09_22-54-04_taro_bean_and_bell_pepper_patty.json,Chef,51,0,qwen2.5-3b
taro_bean_and_bell_pepper_patty,baseline,Free-form,experiment_2025-12-09_22-54-04_taro_bean_and_bell_pepper_patty.json,Chef,52,100,qwen2.5-3b
taro_bean_and_bell_pepper_patty,baseline,Free-form,experiment_2025-12-09_22-54-04_taro_bean_and_bell_pepper_patty.json,Chef,52,116,qwen2.5-3b
taro_bean_and_bell_pepper_patty,baseline,Free-form,experiment_2025-12-09_22-54-04_taro_bean_and_bell_pepper_patty.json,Chef,52,1190,qwen2.5-3b
taro_bean_and_bell_pepper_patty,baseline,Free-form,experiment_2025-12-09_22-54-04_taro_bean_and_bell_pepper_patty.json,Chef,52,506,qwen2.5-3b
taro_bean_and_bell_pepper_patty,baseline,Free-form,experiment_2025-12-09_22-54-04_taro_bean_and_bell_pepper_patty.json,Chef,52,0,qwen2.5-3b
taro_bean_and_bell_pepper_patty,baseline,Free-form,experiment_2025-12-09_22-54-04_taro_bean_and_bell_pepper_patty.json,Chef,53,127,qwen2.5-3b
taro_bean_and_bell_pepper_patty,baseline,Free-form,experiment_2025-12-09_22-54-04_taro_bean_and_bell_pepper_patty.json,Chef,53,297,qwen2.5-3b
taro_bean_and_bell_pepper_patty,baseline,Free-form,experiment_2025-12-09_22-54-04_taro_bean_and_bell_pepper_patty.json,Chef,53,661,qwen2.5-3b
taro_bean_and_bell_pepper_patty,baseline,Free-form,experiment_2025-12-09_22-54-04_taro_bean_and_bell_pepper_patty.json,Chef,53,0,qwen2.5-3b
taro_bean_and_bell_pepper_patty,baseline,Free-form,experiment_2025-12-09_22-54-04_taro_bean_and_bell_pepper_patty.json,Chef,54,123,qwen2.5-3b
taro_bean_and_bell_pepper_patty,baseline,Free-form,experiment_2025-12-09_22-54-04_taro_bean_and_bell_pepper_patty.json,Chef,54,107,qwen2.5-3b
taro_bean_and_bell_pepper_patty,baseline,Free-form,experiment_2025-12-09_22-54-04_taro_bean_and_bell_pepper_patty.json,Chef,54,149,qwen2.5-3b
taro_bean_and_bell_pepper_patty,baseline,Free-form,experiment_2025-12-09_22-54-04_taro_bean_and_bell_pepper_patty.json,Chef,54,68,qwen2.5-3b
taro_bean_and_bell_pepper_patty,baseline,Free-form,experiment_2025-12-09_22-54-04_taro_bean_and_bell_pepper_patty.json,Chef,54,3183,qwen2.5-3b
taro_bean_and_bell_pepper_patty,baseline,Free-form,experiment_2025-12-09_22-54-04_taro_bean_and_bell_pepper_patty.json,Chef,55,187,qwen2.5-3b
taro_bean_and_bell_pepper_patty,baseline,Free-form,experiment_2025-12-09_22-54-04_taro_bean_and_bell_pepper_patty.json,Chef,56,93,qwen2.5-3b
taro_bean_and_bell_pepper_patty,baseline,Free-form,experiment_2025-12-09_22-54-04_taro_bean_and_bell_pepper_patty.json,Chef,57,137,qwen2.5-3b
taro_bean_and_bell_pepper_patty,baseline,Free-form,experiment_2025-12-09_22-54-04_taro_bean_and_bell_pepper_patty.json,Chef,57,198,qwen2.5-3b
taro_bean_and_bell_pepper_patty,baseline,Free-form,experiment_2025-12-09_22-54-04_taro_bean_and_bell_pepper_patty.json,Chef,57,0,qwen2.5-3b
taro_bean_and_bell_pepper_patty,baseline,Free-form,experiment_2025-12-09_22-54-04_taro_bean_and_bell_pepper_patty.json,Assistant,51,103,qwen2.5-3b
taro_bean_and_bell_pepper_patty,baseline,Free-form,experiment_2025-12-09_22-54-04_taro_bean_and_bell_pepper_patty.json,Assistant,51,159,qwen2.5-3b
taro_bean_and_bell_pepper_patty,baseline,Free-form,experiment_2025-12-09_22-54-04_taro_bean_and_bell_pepper_patty.json,Assistant,51,3510,qwen2.5-3b
taro_bean_and_bell_pepper_patty,baseline,Free-form,experiment_2025-12-09_22-54-04_taro_bean_and_bell_pepper_patty.json,Assistant,51,89,qwen2.5-3b
taro_bean_and_bell_pepper_patty,baseline,Free-form,experiment_2025-12-09_22-54-04_taro_bean_and_bell_pepper_patty.json,Assistant,51,209,qwen2.5-3b
taro_bean_and_bell_pepper_patty,baseline,Free-form,experiment_2025-12-09_22-54-04_taro_bean_and_bell_pepper_patty.json,Assistant,52,63,qwen2.5-3b
taro_bean_and_bell_pepper_patty,baseline,Free-form,experiment_2025-12-09_22-54-04_taro_bean_and_bell_pepper_patty.json,Assistant,52,103,qwen2.5-3b
taro_bean_and_bell_pepper_patty,baseline,Free-form,experiment_2025-12-09_22-54-04_taro_bean_and_bell_pepper_patty.json,Assistant,52,144,qwen2.5-3b
taro_bean_and_bell_pepper_patty,baseline,Free-form,experiment_2025-12-09_22-54-04_taro_bean_and_bell_pepper_patty.json,Assistant,52,3530,qwen2.5-3b
taro_bean_and_bell_pepper_patty,baseline,Free-form,experiment_2025-12-09_22-54-04_taro_bean_and_bell_pepper_patty.json,Assistant,52,24,qwen2.5-3b
taro_bean_and_bell_pepper_patty,baseline,Free-form,experiment_2025-12-09_22-54-04_taro_bean_and_bell_pepper_patty.json,Assistant,52,144,qwen2.5-3b
taro_bean_and_bell_pepper_patty,baseline,Free-form,experiment_2025-12-09_22-54-04_taro_bean_and_bell_pepper_patty.json,Assistant,53,169,qwen2.5-3b
taro_bean_and_bell_pepper_patty,baseline,Free-form,experiment_2025-12-09_22-54-04_taro_bean_and_bell_pepper_patty.json,Assistant,53,299,qwen2.5-3b
taro_bean_and_bell_pepper_patty,baseline,Free-form,experiment_2025-12-09_22-54-04_taro_bean_and_bell_pepper_patty.json,Assistant,53,3100,qwen2.5-3b
taro_bean_and_bell_pepper_patty,baseline,Free-form,experiment_2025-12-09_22-54-04_taro_bean_and_bell_pepper_patty.json,Assistant,53,0,qwen2.5-3b
taro_bean_and_bell_pepper_patty,baseline,Free-form,experiment_2025-12-09_22-54-04_taro_bean_and_bell_pepper_patty.json,Assistant,53,202,qwen2.5-3b
taro_bean_and_bell_pepper_patty,baseline,Free-form,experiment_2025-12-09_22-54-04_taro_bean_and_bell_pepper_patty.json,Assistant,54,91,qwen2.5-3b
taro_bean_and_bell_pepper_patty,baseline,Free-form,experiment_2025-12-09_22-54-04_taro_bean_and_bell_pepper_patty.json,Assistant,54,154,qwen2.5-3b
taro_bean_and_bell_pepper_patty,baseline,Free-form,experiment_2025-12-09_22-54-04_taro_bean_and_bell_pepper_patty.json,Assistant,54,215,qwen2.5-3b
taro_bean_and_bell_pepper_patty,baseline,Free-form,experiment_2025-12-09_22-54-04_taro_bean_and_bell_pepper_patty.json,Assistant,54,190,qwen2.5-3b
taro_bean_and_bell_pepper_patty,baseline,Free-form,experiment_2025-12-09_22-54-04_taro_bean_and_bell_pepper_patty.json,Assistant,54,227,qwen2.5-3b
taro_bean_and_bell_pepper_patty,baseline,Free-form,experiment_2025-12-09_22-54-04_taro_bean_and_bell_pepper_patty.json,Assistant,54,145,qwen2.5-3b
taro_bean_and_bell_pepper_patty,baseline,Free-form,experiment_2025-12-09_22-54-04_taro_bean_and_bell_pepper_patty.json,Assistant,55,113,qwen2.5-3b
taro_bean_and_bell_pepper_patty,baseline,Free-form,experiment_2025-12-09_22-54-04_taro_bean_and_bell_pepper_patty.json,Assistant,55,196,qwen2.5-3b
taro_bean_and_bell_pepper_patty,baseline,Free-form,experiment_2025-12-09_22-54-04_taro_bean_and_bell_pepper_patty.json,Assistant,56,233,qwen2.5-3b
taro_bean_and_bell_pepper_patty,baseline,Free-form,experiment_2025-12-09_22-54-04_taro_bean_and_bell_pepper_patty.json,Assistant,56,263,qwen2.5-3b
taro_bean_and_bell_pepper_patty,baseline,Free-form,experiment_2025-12-09_22-54-04_taro_bean_and_bell_pepper_patty.json,Assistant,57,97,qwen2.5-3b
taro_bean_and_bell_pepper_patty,baseline,Free-form,experiment_2025-12-09_22-54-04_taro_bean_and_bell_pepper_patty.json,Assistant,57,3139,qwen2.5-3b
taro_bean_and_bell_pepper_patty,baseline,Free-form,experiment_2025-12-09_22-54-04_taro_bean_and_bell_pepper_patty.json,Assistant,57,68,qwen2.5-3b
taro_bean_and_bell_pepper_patty,baseline,Free-form,experiment_2025-12-09_22-54-04_taro_bean_and_bell_pepper_patty.json,Assistant,57,212,qwen2.5-3b
taro_bean_and_bell_pepper_patty,baseline,Free-form,experiment_2025-12-09_23-14-32_taro_bean_and_bell_pepper_patty.json,Chef,49,173,qwen2.5-3b
taro_bean_and_bell_pepper_patty,baseline,Free-form,experiment_2025-12-09_23-14-32_taro_bean_and_bell_pepper_patty.json,Chef,49,150,qwen2.5-3b
taro_bean_and_bell_pepper_patty,baseline,Free-form,experiment_2025-12-09_23-14-32_taro_bean_and_bell_pepper_patty.json,Chef,49,179,qwen2.5-3b
taro_bean_and_bell_pepper_patty,baseline,Free-form,experiment_2025-12-09_23-14-32_taro_bean_and_bell_pepper_patty.json,Chef,49,278,qwen2.5-3b
taro_bean_and_bell_pepper_patty,baseline,Free-form,experiment_2025-12-09_23-14-32_taro_bean_and_bell_pepper_patty.json,Chef,49,3185,qwen2.5-3b
taro_bean_and_bell_pepper_patty,baseline,Free-form,experiment_2025-12-09_23-14-32_taro_bean_and_bell_pepper_patty.json,Chef,49,0,qwen2.5-3b
taro_bean_and_bell_pepper_patty,baseline,Free-form,experiment_2025-12-09_23-14-32_taro_bean_and_bell_pepper_patty.json,Chef,52,183,qwen2.5-3b
taro_bean_and_bell_pepper_patty,baseline,Free-form,experiment_2025-12-09_23-14-32_taro_bean_and_bell_pepper_patty.json,Chef,52,139,qwen2.5-3b
taro_bean_and_bell_pepper_patty,baseline,Free-form,experiment_2025-12-09_23-14-32_taro_bean_and_bell_pepper_patty.json,Chef,52,213,qwen2.5-3b
taro_bean_and_bell_pepper_patty,baseline,Free-form,experiment_2025-12-09_23-14-32_taro_bean_and_bell_pepper_patty.json,Assistant,49,108,qwen2.5-3b
taro_bean_and_bell_pepper_patty,baseline,Free-form,experiment_2025-12-09_23-14-32_taro_bean_and_bell_pepper_patty.json,Assistant,49,128,qwen2.5-3b
taro_bean_and_bell_pepper_patty,baseline,Free-form,experiment_2025-12-09_23-14-32_taro_bean_and_bell_pepper_patty.json,Assistant,49,157,qwen2.5-3b
taro_bean_and_bell_pepper_patty,baseline,Free-form,experiment_2025-12-09_23-14-32_taro_bean_and_bell_pepper_patty.json,Assistant,49,214,qwen2.5-3b
taro_bean_and_bell_pepper_patty,baseline,Free-form,experiment_2025-12-09_23-14-32_taro_bean_and_bell_pepper_patty.json,Assistant,49,3023,qwen2.5-3b
taro_bean_and_bell_pepper_patty,baseline,Free-form,experiment_2025-12-09_23-14-32_taro_bean_and_bell_pepper_patty.json,Assistant,49,53,qwen2.5-3b
taro_bean_and_bell_pepper_patty,baseline,Free-form,experiment_2025-12-09_23-14-32_taro_bean_and_bell_pepper_patty.json,Assistant,49,212,qwen2.5-3b
taro_bean_and_bell_pepper_patty,baseline,Free-form,experiment_2025-12-09_23-14-32_taro_bean_and_bell_pepper_patty.json,Assistant,52,120,qwen2.5-3b
taro_bean_and_bell_pepper_patty,baseline,Free-form,experiment_2025-12-09_23-14-32_taro_bean_and_bell_pepper_patty.json,Assistant,52,138,qwen2.5-3b
taro_bean_and_bell_pepper_patty,baseline,Free-form,experiment_2025-12-09_23-14-32_taro_bean_and_bell_pepper_patty.json,Assistant,52,142,qwen2.5-3b
taro_bean_and_bell_pepper_patty,baseline,Free-form,experiment_2025-12-09_23-14-32_taro_bean_and_bell_pepper_patty.json,Assistant,52,194,qwen2.5-3b
taro_bean_and_bell_pepper_patty,reduced,Reduced,experiment_2025-12-10_00-09-26_taro_bean_and_bell_pepper_patty.json,Assistant,52,115,qwen2.5-3b
taro_bean_and_bell_pepper_patty,reduced,Reduced,experiment_2025-12-10_00-09-26_taro_bean_and_bell_pepper_patty.json,Assistant,53,128,qwen2.5-3b
taro_bean_and_bell_pepper_patty,reduced,Reduced,experiment_2025-12-10_00-09-26_taro_bean_and_bell_pepper_patty.json,Assistant,55,134,qwen2.5-3b
taro_bean_and_bell_pepper_patty,reduced,Reduced,experiment_2025-12-10_00-09-26_taro_bean_and_bell_pepper_patty.json,Assistant,57,214,qwen2.5-3b
taro_bean_and_bell_pepper_patty,reduced,Reduced,experiment_2025-12-10_00-10-00_taro_bean_and_bell_pepper_patty.json,Assistant,50,191,qwen2.5-3b
taro_bean_and_bell_pepper_patty,reduced,Reduced,experiment_2025-12-10_00-10-00_taro_bean_and_bell_pepper_patty.json,Assistant,51,115,qwen2.5-3b
taro_bean_and_bell_pepper_patty,reduced,Reduced,experiment_2025-12-10_00-10-00_taro_bean_and_bell_pepper_patty.json,Assistant,56,184,qwen2.5-3b
taro_bean_and_bell_pepper_patty,reduced,Reduced,experiment_2025-12-10_00-11-59_taro_bean_and_bell_pepper_patty.json,Chef,52,96,qwen2.5-3b
taro_bean_and_bell_pepper_patty,reduced,Reduced,experiment_2025-12-10_00-11-59_taro_bean_and_bell_pepper_patty.json,Assistant,50,125,qwen2.5-3b
taro_bean_and_bell_pepper_patty,reduced,Reduced,experiment_2025-12-10_00-11-59_taro_bean_and_bell_pepper_patty.json,Assistant,51,180,qwen2.5-3b
taro_bean_and_bell_pepper_patty,reduced,Reduced,experiment_2025-12-10_00-11-59_taro_bean_and_bell_pepper_patty.json,Assistant,52,96,qwen2.5-3b
taro_bean_and_bell_pepper_patty,reduced,Reduced,experiment_2025-12-10_00-11-59_taro_bean_and_bell_pepper_patty.json,Assistant,52,211,qwen2.5-3b
taro_bean_and_bell_pepper_patty,reduced,Reduced,experiment_2025-12-10_00-13-55_taro_bean_and_bell_pepper_patty.json,Assistant,50,107,qwen2.5-3b
taro_bean_and_bell_pepper_patty,reduced,Reduced,experiment_2025-12-10_00-13-55_taro_bean_and_bell_pepper_patty.json,Assistant,51,105,qwen2.5-3b
taro_bean_and_bell_pepper_patty,reduced,Reduced,experiment_2025-12-10_00-15-00_taro_bean_and_bell_pepper_patty.json,Chef,52,78,qwen2.5-3b
taro_bean_and_bell_pepper_patty,reduced,Reduced,experiment_2025-12-10_00-15-00_taro_bean_and_bell_pepper_patty.json,Assistant,49,169,qwen2.5-3b
taro_bean_and_bell_pepper_patty,reduced,Reduced,experiment_2025-12-10_00-15-00_taro_bean_and_bell_pepper_patty.json,Assistant,50,283,qwen2.5-3b
taro_bean_and_bell_pepper_patty,reduced,Reduced,experiment_2025-12-10_00-15-00_taro_bean_and_bell_pepper_patty.json,Assistant,51,116,qwen2.5-3b
taro_bean_and_bell_pepper_patty,reduced,Reduced,experiment_2025-12-10_00-15-00_taro_bean_and_bell_pepper_patty.json,Assistant,52,57,qwen2.5-3b
taro_bean_and_bell_pepper_patty,reduced,Reduced,experiment_2025-12-10_00-15-00_taro_bean_and_bell_pepper_patty.json,Assistant,52,172,qwen2.5-3b
taro_bean_and_bell_pepper_patty,reduced,Reduced,experiment_2025-12-10_00-15-00_taro_bean_and_bell_pepper_patty.json,Assistant,55,194,qwen2.5-3b
zucchini_green_pea_and_onion_patty,baseline,Free-form,experiment_2025-12-09_23-23-02_zucchini_green_pea_and_onion_patty.json,Chef,51,110,qwen2.5-3b
zucchini_green_pea_and_onion_patty,baseline,Free-form,experiment_2025-12-09_23-23-02_zucchini_green_pea_and_onion_patty.json,Chef,51,151,qwen2.5-3b
zucchini_green_pea_and_onion_patty,baseline,Free-form,experiment_2025-12-09_23-23-02_zucchini_green_pea_and_onion_patty.json,Chef,51,129,qwen2.5-3b
zucchini_green_pea_and_onion_patty,baseline,Free-form,experiment_2025-12-09_23-23-02_zucchini_green_pea_and_onion_patty.json,Chef,51,135,qwen2.5-3b
zucchini_green_pea_and_onion_patty,baseline,Free-form,experiment_2025-12-09_23-23-02_zucchini_green_pea_and_onion_patty.json,Chef,51,153,qwen2.5-3b
zucchini_green_pea_and_onion_patty,baseline,Free-form,experiment_2025-12-09_23-23-02_zucchini_green_pea_and_onion_patty.json,Chef,51,230,qwen2.5-3b
zucchini_green_pea_and_onion_patty,baseline,Free-form,experiment_2025-12-09_23-23-02_zucchini_green_pea_and_onion_patty.json,Chef,51,219,qwen2.5-3b
zucchini_green_pea_and_onion_patty,baseline,Free-form,experiment_2025-12-09_23-23-02_zucchini_green_pea_and_onion_patty.json,Chef,54,147,qwen2.5-3b
zucchini_green_pea_and_onion_patty,baseline,Free-form,experiment_2025-12-09_23-23-02_zucchini_green_pea_and_onion_patty.json,Chef,54,87,qwen2.5-3b
zucchini_green_pea_and_onion_patty,baseline,Free-form,experiment_2025-12-09_23-23-02_zucchini_green_pea_and_onion_patty.json,Chef,54,3400,qwen2.5-3b
zucchini_green_pea_and_onion_patty,baseline,Free-form,experiment_2025-12-09_23-23-02_zucchini_green_pea_and_onion_patty.json,Chef,56,93,qwen2.5-3b
zucchini_green_pea_and_onion_patty,baseline,Free-form,experiment_2025-12-09_23-23-02_zucchini_green_pea_and_onion_patty.json,Chef,56,107,qwen2.5-3b
zucchini_green_pea_and_onion_patty,baseline,Free-form,experiment_2025-12-09_23-23-02_zucchini_green_pea_and_onion_patty.json,Chef,56,169,qwen2.5-3b
zucchini_green_pea_and_onion_patty,baseline,Free-form,experiment_2025-12-09_23-23-02_zucchini_green_pea_and_onion_patty.json,Chef,56,379,qwen2.5-3b
zucchini_green_pea_and_onion_patty,baseline,Free-form,experiment_2025-12-09_23-23-02_zucchini_green_pea_and_onion_patty.json,Chef,56,3168,qwen2.5-3b
zucchini_green_pea_and_onion_patty,baseline,Free-form,experiment_2025-12-09_23-23-02_zucchini_green_pea_and_onion_patty.json,Chef,56,0,qwen2.5-3b
zucchini_green_pea_and_onion_patty,baseline,Free-form,experiment_2025-12-09_23-23-02_zucchini_green_pea_and_onion_patty.json,Assistant,51,152,qwen2.5-3b
zucchini_green_pea_and_onion_patty,baseline,Free-form,experiment_2025-12-09_23-23-02_zucchini_green_pea_and_onion_patty.json,Assistant,51,146,qwen2.5-3b
zucchini_green_pea_and_onion_patty,baseline,Free-form,experiment_2025-12-09_23-23-02_zucchini_green_pea_and_onion_patty.json,Assistant,51,163,qwen2.5-3b
zucchini_green_pea_and_onion_patty,baseline,Free-form,experiment_2025-12-09_23-23-02_zucchini_green_pea_and_onion_patty.json,Assistant,51,174,qwen2.5-3b
zucchini_green_pea_and_onion_patty,baseline,Free-form,experiment_2025-12-09_23-23-02_zucchini_green_pea_and_onion_patty.json,Assistant,51,178,qwen2.5-3b
zucchini_green_pea_and_onion_patty,baseline,Free-form,experiment_2025-12-09_23-23-02_zucchini_green_pea_and_onion_patty.json,Assistant,51,178,qwen2.5-3b
zucchini_green_pea_and_onion_patty,baseline,Free-form,experiment_2025-12-09_23-23-02_zucchini_green_pea_and_onion_patty.json,Assistant,51,407,qwen2.5-3b
zucchini_green_pea_and_onion_patty,baseline,Free-form,experiment_2025-12-09_23-23-02_zucchini_green_pea_and_onion_patty.json,Assistant,51,124,qwen2.5-3b
zucchini_green_pea_and_onion_patty,baseline,Free-form,experiment_2025-12-09_23-23-02_zucchini_green_pea_and_onion_patty.json,Assistant,54,110,qwen2.5-3b
zucchini_green_pea_and_onion_patty,baseline,Free-form,experiment_2025-12-09_23-23-02_zucchini_green_pea_and_onion_patty.json,Assistant,54,126,qwen2.5-3b
zucchini_green_pea_and_onion_patty,baseline,Free-form,experiment_2025-12-09_23-23-02_zucchini_green_pea_and_onion_patty.json,Assistant,54,109,qwen2.5-3b
zucchini_green_pea_and_onion_patty,baseline,Free-form,experiment_2025-12-09_23-23-02_zucchini_green_pea_and_onion_patty.json,Assistant,54,89,qwen2.5-3b
zucchini_green_pea_and_onion_patty,baseline,Free-form,experiment_2025-12-09_23-23-02_zucchini_green_pea_and_onion_patty.json,Assistant,56,122,qwen2.5-3b
zucchini_green_pea_and_onion_patty,baseline,Free-form,experiment_2025-12-09_23-23-02_zucchini_green_pea_and_onion_patty.json,Assistant,56,171,qwen2.5-3b
zucchini_green_pea_and_onion_patty,baseline,Free-form,experiment_2025-12-09_23-23-02_zucchini_green_pea_and_onion_patty.json,Assistant,56,200,qwen2.5-3b
zucchini_green_pea_and_onion_patty,baseline,Free-form,experiment_2025-12-09_23-23-02_zucchini_green_pea_and_onion_patty.json,Assistant,56,209,qwen2.5-3b
zucchini_green_pea_and_onion_patty,baseline,Free-form,experiment_2025-12-09_23-23-02_zucchini_green_pea_and_onion_patty.json,Assistant,56,3089,qwen2.5-3b
zucchini_green_pea_and_onion_patty,baseline,Free-form,experiment_2025-12-09_23-23-02_zucchini_green_pea_and_onion_patty.json,Assistant,56,68,qwen2.5-3b
zucchini_green_pea_and_onion_patty,baseline,Free-form,experiment_2025-12-09_23-23-02_zucchini_green_pea_and_onion_patty.json,Assistant,56,216,qwen2.5-3b
zucchini_green_pea_and_onion_patty,baseline,Free-form,experiment_2025-12-09_23-32-15_zucchini_green_pea_and_onion_patty.json,Chef,49,89,qwen2.5-3b
zucchini_green_pea_and_onion_patty,baseline,Free-form,experiment_2025-12-09_23-32-15_zucchini_green_pea_and_onion_patty.json,Chef,49,151,qwen2.5-3b
zucchini_green_pea_and_onion_patty,baseline,Free-form,experiment_2025-12-09_23-32-15_zucchini_green_pea_and_onion_patty.json,Chef,49,188,qwen2.5-3b
zucchini_green_pea_and_onion_patty,baseline,Free-form,experiment_2025-12-09_23-32-15_zucchini_green_pea_and_onion_patty.json,Chef,49,125,qwen2.5-3b
zucchini_green_pea_and_onion_patty,baseline,Free-form,experiment_2025-12-09_23-32-15_zucchini_green_pea_and_onion_patty.json,Chef,49,3213,qwen2.5-3b
zucchini_green_pea_and_onion_patty,baseline,Free-form,experiment_2025-12-09_23-32-15_zucchini_green_pea_and_onion_patty.json,Chef,51,104,qwen2.5-3b
zucchini_green_pea_and_onion_patty,baseline,Free-form,experiment_2025-12-09_23-32-15_zucchini_green_pea_and_onion_patty.json,Chef,52,185,qwen2.5-3b
zucchini_green_pea_and_onion_patty,baseline,Free-form,experiment_2025-12-09_23-32-15_zucchini_green_pea_and_onion_patty.json,Chef,52,133,qwen2.5-3b
zucchini_green_pea_and_onion_patty,baseline,Free-form,experiment_2025-12-09_23-32-15_zucchini_green_pea_and_onion_patty.json,Chef,52,91,qwen2.5-3b
zucchini_green_pea_and_onion_patty,baseline,Free-form,experiment_2025-12-09_23-32-15_zucchini_green_pea_and_onion_patty.json,Chef,52,134,qwen2.5-3b
zucchini_green_pea_and_onion_patty,baseline,Free-form,experiment_2025-12-09_23-32-15_zucchini_green_pea_and_onion_patty.json,Chef,52,3035,qwen2.5-3b
zucchini_green_pea_and_onion_patty,baseline,Free-form,experiment_2025-12-09_23-32-15_zucchini_green_pea_and_onion_patty.json,Chef,53,231,qwen2.5-3b
zucchini_green_pea_and_onion_patty,baseline,Free-form,experiment_2025-12-09_23-32-15_zucchini_green_pea_and_onion_patty.json,Chef,53,174,qwen2.5-3b
zucchini_green_pea_and_onion_patty,baseline,Free-form,experiment_2025-12-09_23-32-15_zucchini_green_pea_and_onion_patty.json,Chef,55,88,qwen2.5-3b
zucchini_green_pea_and_onion_patty,baseline,Free-form,experiment_2025-12-09_23-32-15_zucchini_green_pea_and_onion_patty.json,Chef,55,292,qwen2.5-3b
zucchini_green_pea_and_onion_patty,baseline,Free-form,experiment_2025-12-09_23-32-15_zucchini_green_pea_and_onion_patty.json,Chef,55,163,qwen2.5-3b
zucchini_green_pea_and_onion_patty,baseline,Free-form,experiment_2025-12-09_23-32-15_zucchini_green_pea_and_onion_patty.json,Chef,55,113,qwen2.5-3b
zucchini_green_pea_and_onion_patty,baseline,Free-form,experiment_2025-12-09_23-32-15_zucchini_green_pea_and_onion_patty.json,Chef,55,118,qwen2.5-3b
zucchini_green_pea_and_onion_patty,baseline,Free-form,experiment_2025-12-09_23-32-15_zucchini_green_pea_and_onion_patty.json,Chef,55,113,qwen2.5-3b
zucchini_green_pea_and_onion_patty,baseline,Free-form,experiment_2025-12-09_23-32-15_zucchini_green_pea_and_onion_patty.json,Chef,55,102,qwen2.5-3b
zucchini_green_pea_and_onion_patty,baseline,Free-form,experiment_2025-12-09_23-32-15_zucchini_green_pea_and_onion_patty.json,Chef,55,121,qwen2.5-3b
zucchini_green_pea_and_onion_patty,baseline,Free-form,experiment_2025-12-09_23-32-15_zucchini_green_pea_and_onion_patty.json,Chef,55,173,qwen2.5-3b
zucchini_green_pea_and_onion_patty,baseline,Free-form,experiment_2025-12-09_23-32-15_zucchini_green_pea_and_onion_patty.json,Chef,55,102,qwen2.5-3b
zucchini_green_pea_and_onion_patty,baseline,Free-form,experiment_2025-12-09_23-32-15_zucchini_green_pea_and_onion_patty.json,Chef,55,126,qwen2.5-3b
zucchini_green_pea_and_onion_patty,baseline,Free-form,experiment_2025-12-09_23-32-15_zucchini_green_pea_and_onion_patty.json,Chef,55,103,qwen2.5-3b
zucchini_green_pea_and_onion_patty,baseline,Free-form,experiment_2025-12-09_23-32-15_zucchini_green_pea_and_onion_patty.json,Chef,56,140,qwen2.5-3b
zucchini_green_pea_and_onion_patty,baseline,Free-form,experiment_2025-12-09_23-32-15_zucchini_green_pea_and_onion_patty.json,Chef,56,115,qwen2.5-3b
zucchini_green_pea_and_onion_patty,baseline,Free-form,experiment_2025-12-09_23-32-15_zucchini_green_pea_and_onion_patty.json,Chef,56,126,qwen2.5-3b
zucchini_green_pea_and_onion_patty,baseline,Free-form,experiment_2025-12-09_23-32-15_zucchini_green_pea_and_onion_patty.json,Chef,56,101,qwen2.5-3b
zucchini_green_pea_and_onion_patty,baseline,Free-form,experiment_2025-12-09_23-32-15_zucchini_green_pea_and_onion_patty.json,Chef,56,0,qwen2.5-3b
zucchini_green_pea_and_onion_patty,baseline,Free-form,experiment_2025-12-09_23-32-15_zucchini_green_pea_and_onion_patty.json,Chef,57,286,qwen2.5-3b
zucchini_green_pea_and_onion_patty,baseline,Free-form,experiment_2025-12-09_23-32-15_zucchini_green_pea_and_onion_patty.json,Assistant,49,165,qwen2.5-3b
zucchini_green_pea_and_onion_patty,baseline,Free-form,experiment_2025-12-09_23-32-15_zucchini_green_pea_and_onion_patty.json,Assistant,49,236,qwen2.5-3b
zucchini_green_pea_and_onion_patty,baseline,Free-form,experiment_2025-12-09_23-32-15_zucchini_green_pea_and_onion_patty.json,Assistant,49,202,qwen2.5-3b
zucchini_green_pea_and_onion_patty,baseline,Free-form,experiment_2025-12-09_23-32-15_zucchini_green_pea_and_onion_patty.json,Assistant,49,230,qwen2.5-3b
zucchini_green_pea_and_onion_patty,baseline,Free-form,experiment_2025-12-09_23-32-15_zucchini_green_pea_and_onion_patty.json,Assistant,49,160,qwen2.5-3b
zucchini_green_pea_and_onion_patty,baseline,Free-form,experiment_2025-12-09_23-32-15_zucchini_green_pea_and_onion_patty.json,Assistant,49,182,qwen2.5-3b
zucchini_green_pea_and_onion_patty,baseline,Free-form,experiment_2025-12-09_23-32-15_zucchini_green_pea_and_onion_patty.json,Assistant,51,240,qwen2.5-3b
zucchini_green_pea_and_onion_patty,baseline,Free-form,experiment_2025-12-09_23-32-15_zucchini_green_pea_and_onion_patty.json,Assistant,51,186,qwen2.5-3b
zucchini_green_pea_and_onion_patty,baseline,Free-form,experiment_2025-12-09_23-32-15_zucchini_green_pea_and_onion_patty.json,Assistant,52,130,qwen2.5-3b
zucchini_green_pea_and_onion_patty,baseline,Free-form,experiment_2025-12-09_23-32-15_zucchini_green_pea_and_onion_patty.json,Assistant,52,193,qwen2.5-3b
zucchini_green_pea_and_onion_patty,baseline,Free-form,experiment_2025-12-09_23-32-15_zucchini_green_pea_and_onion_patty.json,Assistant,52,100,qwen2.5-3b
zucchini_green_pea_and_onion_patty,baseline,Free-form,experiment_2025-12-09_23-32-15_zucchini_green_pea_and_onion_patty.json,Assistant,52,170,qwen2.5-3b
zucchini_green_pea_and_onion_patty,baseline,Free-form,experiment_2025-12-09_23-32-15_zucchini_green_pea_and_onion_patty.json,Assistant,52,267,qwen2.5-3b
zucchini_green_pea_and_onion_patty,baseline,Free-form,experiment_2025-12-09_23-32-15_zucchini_green_pea_and_onion_patty.json,Assistant,52,102,qwen2.5-3b
zucchini_green_pea_and_onion_patty,baseline,Free-form,experiment_2025-12-09_23-32-15_zucchini_green_pea_and_onion_patty.json,Assistant,53,248,qwen2.5-3b
zucchini_green_pea_and_onion_patty,baseline,Free-form,experiment_2025-12-09_23-32-15_zucchini_green_pea_and_onion_patty.json,Assistant,53,161,qwen2.5-3b
zucchini_green_pea_and_onion_patty,baseline,Free-form,experiment_2025-12-09_23-32-15_zucchini_green_pea_and_onion_patty.json,Assistant,53,212,qwen2.5-3b
zucchini_green_pea_and_onion_patty,baseline,Free-form,experiment_2025-12-09_23-32-15_zucchini_green_pea_and_onion_patty.json,Assistant,55,153,qwen2.5-3b
zucchini_green_pea_and_onion_patty,baseline,Free-form,experiment_2025-12-09_23-32-15_zucchini_green_pea_and_onion_patty.json,Assistant,55,110,qwen2.5-3b
zucchini_green_pea_and_onion_patty,baseline,Free-form,experiment_2025-12-09_23-32-15_zucchini_green_pea_and_onion_patty.json,Assistant,55,130,qwen2.5-3b
zucchini_green_pea_and_onion_patty,baseline,Free-form,experiment_2025-12-09_23-32-15_zucchini_green_pea_and_onion_patty.json,Assistant,55,140,qwen2.5-3b
zucchini_green_pea_and_onion_patty,baseline,Free-form,experiment_2025-12-09_23-32-15_zucchini_green_pea_and_onion_patty.json,Assistant,55,112,qwen2.5-3b
zucchini_green_pea_and_onion_patty,baseline,Free-form,experiment_2025-12-09_23-32-15_zucchini_green_pea_and_onion_patty.json,Assistant,55,146,qwen2.5-3b
zucchini_green_pea_and_onion_patty,baseline,Free-form,experiment_2025-12-09_23-32-15_zucchini_green_pea_and_onion_patty.json,Assistant,55,130,qwen2.5-3b
zucchini_green_pea_and_onion_patty,baseline,Free-form,experiment_2025-12-09_23-32-15_zucchini_green_pea_and_onion_patty.json,Assistant,55,242,qwen2.5-3b
zucchini_green_pea_and_onion_patty,baseline,Free-form,experiment_2025-12-09_23-32-15_zucchini_green_pea_and_onion_patty.json,Assistant,55,197,qwen2.5-3b
zucchini_green_pea_and_onion_patty,baseline,Free-form,experiment_2025-12-09_23-32-15_zucchini_green_pea_and_onion_patty.json,Assistant,55,170,qwen2.5-3b
zucchini_green_pea_and_onion_patty,baseline,Free-form,experiment_2025-12-09_23-32-15_zucchini_green_pea_and_onion_patty.json,Assistant,55,108,qwen2.5-3b
zucchini_green_pea_and_onion_patty,baseline,Free-form,experiment_2025-12-09_23-32-15_zucchini_green_pea_and_onion_patty.json,Assistant,55,3408,qwen2.5-3b
zucchini_green_pea_and_onion_patty,baseline,Free-form,experiment_2025-12-09_23-32-15_zucchini_green_pea_and_onion_patty.json,Assistant,55,153,qwen2.5-3b
zucchini_green_pea_and_onion_patty,baseline,Free-form,experiment_2025-12-09_23-32-15_zucchini_green_pea_and_onion_patty.json,Assistant,56,70,qwen2.5-3b
zucchini_green_pea_and_onion_patty,baseline,Free-form,experiment_2025-12-09_23-32-15_zucchini_green_pea_and_onion_patty.json,Assistant,56,79,qwen2.5-3b
zucchini_green_pea_and_onion_patty,baseline,Free-form,experiment_2025-12-09_23-32-15_zucchini_green_pea_and_onion_patty.json,Assistant,56,158,qwen2.5-3b
zucchini_green_pea_and_onion_patty,baseline,Free-form,experiment_2025-12-09_23-32-15_zucchini_green_pea_and_onion_patty.json,Assistant,56,3080,qwen2.5-3b
zucchini_green_pea_and_onion_patty,baseline,Free-form,experiment_2025-12-09_23-32-15_zucchini_green_pea_and_onion_patty.json,Assistant,56,119,qwen2.5-3b
zucchini_green_pea_and_onion_patty,baseline,Free-form,experiment_2025-12-09_23-32-15_zucchini_green_pea_and_onion_patty.json,Assistant,56,149,qwen2.5-3b
zucchini_green_pea_and_onion_patty,baseline,Free-form,experiment_2025-12-09_23-32-15_zucchini_green_pea_and_onion_patty.json,Assistant,57,3455,qwen2.5-3b
zucchini_green_pea_and_onion_patty,baseline,Free-form,experiment_2025-12-09_23-32-15_zucchini_green_pea_and_onion_patty.json,Assistant,57,358,qwen2.5-3b
zucchini_green_pea_and_onion_patty,baseline,Free-form,experiment_2025-12-09_23-44-34_zucchini_green_pea_and_onion_patty.json,Chef,51,177,qwen2.5-3b
zucchini_green_pea_and_onion_patty,baseline,Free-form,experiment_2025-12-09_23-44-34_zucchini_green_pea_and_onion_patty.json,Chef,51,193,qwen2.5-3b
zucchini_green_pea_and_onion_patty,baseline,Free-form,experiment_2025-12-09_23-44-34_zucchini_green_pea_and_onion_patty.json,Chef,51,164,qwen2.5-3b
zucchini_green_pea_and_onion_patty,baseline,Free-form,experiment_2025-12-09_23-44-34_zucchini_green_pea_and_onion_patty.json,Chef,51,128,qwen2.5-3b
zucchini_green_pea_and_onion_patty,baseline,Free-form,experiment_2025-12-09_23-44-34_zucchini_green_pea_and_onion_patty.json,Chef,51,262,qwen2.5-3b
zucchini_green_pea_and_onion_patty,baseline,Free-form,experiment_2025-12-09_23-44-34_zucchini_green_pea_and_onion_patty.json,Chef,51,133,qwen2.5-3b
zucchini_green_pea_and_onion_patty,baseline,Free-form,experiment_2025-12-09_23-44-34_zucchini_green_pea_and_onion_patty.json,Chef,51,138,qwen2.5-3b
zucchini_green_pea_and_onion_patty,baseline,Free-form,experiment_2025-12-09_23-44-34_zucchini_green_pea_and_onion_patty.json,Chef,51,172,qwen2.5-3b
zucchini_green_pea_and_onion_patty,baseline,Free-form,experiment_2025-12-09_23-44-34_zucchini_green_pea_and_onion_patty.json,Chef,51,158,qwen2.5-3b
zucchini_green_pea_and_onion_patty,baseline,Free-form,experiment_2025-12-09_23-44-34_zucchini_green_pea_and_onion_patty.json,Chef,51,129,qwen2.5-3b
zucchini_green_pea_and_onion_patty,baseline,Free-form,experiment_2025-12-09_23-44-34_zucchini_green_pea_and_onion_patty.json,Chef,51,144,qwen2.5-3b
zucchini_green_pea_and_onion_patty,baseline,Free-form,experiment_2025-12-09_23-44-34_zucchini_green_pea_and_onion_patty.json,Chef,51,162,qwen2.5-3b
zucchini_green_pea_and_onion_patty,baseline,Free-form,experiment_2025-12-09_23-44-34_zucchini_green_pea_and_onion_patty.json,Chef,51,128,qwen2.5-3b
zucchini_green_pea_and_onion_patty,baseline,Free-form,experiment_2025-12-09_23-44-34_zucchini_green_pea_and_onion_patty.json,Chef,51,222,qwen2.5-3b
zucchini_green_pea_and_onion_patty,baseline,Free-form,experiment_2025-12-09_23-44-34_zucchini_green_pea_and_onion_patty.json,Chef,51,158,qwen2.5-3b
zucchini_green_pea_and_onion_patty,baseline,Free-form,experiment_2025-12-09_23-44-34_zucchini_green_pea_and_onion_patty.json,Chef,51,158,qwen2.5-3b
zucchini_green_pea_and_onion_patty,baseline,Free-form,experiment_2025-12-09_23-44-34_zucchini_green_pea_and_onion_patty.json,Chef,51,154,qwen2.5-3b
zucchini_green_pea_and_onion_patty,baseline,Free-form,experiment_2025-12-09_23-44-34_zucchini_green_pea_and_onion_patty.json,Chef,51,123,qwen2.5-3b
zucchini_green_pea_and_onion_patty,baseline,Free-form,experiment_2025-12-09_23-44-34_zucchini_green_pea_and_onion_patty.json,Chef,51,227,qwen2.5-3b
zucchini_green_pea_and_onion_patty,baseline,Free-form,experiment_2025-12-09_23-44-34_zucchini_green_pea_and_onion_patty.json,Chef,51,200,qwen2.5-3b
zucchini_green_pea_and_onion_patty,baseline,Free-form,experiment_2025-12-09_23-44-34_zucchini_green_pea_and_onion_patty.json,Chef,51,183,qwen2.5-3b
zucchini_green_pea_and_onion_patty,baseline,Free-form,experiment_2025-12-09_23-44-34_zucchini_green_pea_and_onion_patty.json,Chef,51,93,qwen2.5-3b
zucchini_green_pea_and_onion_patty,baseline,Free-form,experiment_2025-12-09_23-44-34_zucchini_green_pea_and_onion_patty.json,Chef,51,192,qwen2.5-3b
zucchini_green_pea_and_onion_patty,baseline,Free-form,experiment_2025-12-09_23-44-34_zucchini_green_pea_and_onion_patty.json,Chef,51,93,qwen2.5-3b
zucchini_green_pea_and_onion_patty,baseline,Free-form,experiment_2025-12-09_23-44-34_zucchini_green_pea_and_onion_patty.json,Chef,51,138,qwen2.5-3b
zucchini_green_pea_and_onion_patty,baseline,Free-form,experiment_2025-12-09_23-44-34_zucchini_green_pea_and_onion_patty.json,Chef,51,171,qwen2.5-3b
zucchini_green_pea_and_onion_patty,baseline,Free-form,experiment_2025-12-09_23-44-34_zucchini_green_pea_and_onion_patty.json,Chef,51,156,qwen2.5-3b
zucchini_green_pea_and_onion_patty,baseline,Free-form,experiment_2025-12-09_23-44-34_zucchini_green_pea_and_onion_patty.json,Chef,51,231,qwen2.5-3b
zucchini_green_pea_and_onion_patty,baseline,Free-form,experiment_2025-12-09_23-44-34_zucchini_green_pea_and_onion_patty.json,Chef,51,214,qwen2.5-3b
zucchini_green_pea_and_onion_patty,baseline,Free-form,experiment_2025-12-09_23-44-34_zucchini_green_pea_and_onion_patty.json,Chef,52,142,qwen2.5-3b
zucchini_green_pea_and_onion_patty,baseline,Free-form,experiment_2025-12-09_23-44-34_zucchini_green_pea_and_onion_patty.json,Chef,52,292,qwen2.5-3b
zucchini_green_pea_and_onion_patty,baseline,Free-form,experiment_2025-12-09_23-44-34_zucchini_green_pea_and_onion_patty.json,Chef,52,153,qwen2.5-3b
zucchini_green_pea_and_onion_patty,baseline,Free-form,experiment_2025-12-09_23-44-34_zucchini_green_pea_and_onion_patty.json,Chef,52,150,qwen2.5-3b
zucchini_green_pea_and_onion_patty,baseline,Free-form,experiment_2025-12-09_23-44-34_zucchini_green_pea_and_onion_patty.json,Chef,52,3113,qwen2.5-3b
zucchini_green_pea_and_onion_patty,baseline,Free-form,experiment_2025-12-09_23-44-34_zucchini_green_pea_and_onion_patty.json,Chef,52,135,qwen2.5-3b
zucchini_green_pea_and_onion_patty,baseline,Free-form,experiment_2025-12-09_23-44-34_zucchini_green_pea_and_onion_patty.json,Chef,52,118,qwen2.5-3b
zucchini_green_pea_and_onion_patty,baseline,Free-form,experiment_2025-12-09_23-44-34_zucchini_green_pea_and_onion_patty.json,Chef,52,0,qwen2.5-3b
zucchini_green_pea_and_onion_patty,baseline,Free-form,experiment_2025-12-09_23-44-34_zucchini_green_pea_and_onion_patty.json,Assistant,51,123,qwen2.5-3b
zucchini_green_pea_and_onion_patty,baseline,Free-form,experiment_2025-12-09_23-44-34_zucchini_green_pea_and_onion_patty.json,Assistant,51,156,qwen2.5-3b
zucchini_green_pea_and_onion_patty,baseline,Free-form,experiment_2025-12-09_23-44-34_zucchini_green_pea_and_onion_patty.json,Assistant,51,144,qwen2.5-3b
zucchini_green_pea_and_onion_patty,baseline,Free-form,experiment_2025-12-09_23-44-34_zucchini_green_pea_and_onion_patty.json,Assistant,51,123,qwen2.5-3b
zucchini_green_pea_and_onion_patty,baseline,Free-form,experiment_2025-12-09_23-44-34_zucchini_green_pea_and_onion_patty.json,Assistant,51,137,qwen2.5-3b
zucchini_green_pea_and_onion_patty,baseline,Free-form,experiment_2025-12-09_23-44-34_zucchini_green_pea_and_onion_patty.json,Assistant,51,132,qwen2.5-3b
zucchini_green_pea_and_onion_patty,baseline,Free-form,experiment_2025-12-09_23-44-34_zucchini_green_pea_and_onion_patty.json,Assistant,51,126,qwen2.5-3b
zucchini_green_pea_and_onion_patty,baseline,Free-form,experiment_2025-12-09_23-44-34_zucchini_green_pea_and_onion_patty.json,Assistant,51,162,qwen2.5-3b
zucchini_green_pea_and_onion_patty,baseline,Free-form,experiment_2025-12-09_23-44-34_zucchini_green_pea_and_onion_patty.json,Assistant,51,157,qwen2.5-3b
zucchini_green_pea_and_onion_patty,baseline,Free-form,experiment_2025-12-09_23-44-34_zucchini_green_pea_and_onion_patty.json,Assistant,51,137,qwen2.5-3b
zucchini_green_pea_and_onion_patty,baseline,Free-form,experiment_2025-12-09_23-44-34_zucchini_green_pea_and_onion_patty.json,Assistant,51,135,qwen2.5-3b
zucchini_green_pea_and_onion_patty,baseline,Free-form,experiment_2025-12-09_23-44-34_zucchini_green_pea_and_onion_patty.json,Assistant,51,128,qwen2.5-3b
zucchini_green_pea_and_onion_patty,baseline,Free-form,experiment_2025-12-09_23-44-34_zucchini_green_pea_and_onion_patty.json,Assistant,51,124,qwen2.5-3b
zucchini_green_pea_and_onion_patty,baseline,Free-form,experiment_2025-12-09_23-44-34_zucchini_green_pea_and_onion_patty.json,Assistant,51,126,qwen2.5-3b
zucchini_green_pea_and_onion_patty,baseline,Free-form,experiment_2025-12-09_23-44-34_zucchini_green_pea_and_onion_patty.json,Assistant,51,137,qwen2.5-3b
zucchini_green_pea_and_onion_patty,baseline,Free-form,experiment_2025-12-09_23-44-34_zucchini_green_pea_and_onion_patty.json,Assistant,51,168,qwen2.5-3b
zucchini_green_pea_and_onion_patty,baseline,Free-form,experiment_2025-12-09_23-44-34_zucchini_green_pea_and_onion_patty.json,Assistant,51,130,qwen2.5-3b
zucchini_green_pea_and_onion_patty,baseline,Free-form,experiment_2025-12-09_23-44-34_zucchini_green_pea_and_onion_patty.json,Assistant,51,178,qwen2.5-3b
zucchini_green_pea_and_onion_patty,baseline,Free-form,experiment_2025-12-09_23-44-34_zucchini_green_pea_and_onion_patty.json,Assistant,51,113,qwen2.5-3b
zucchini_green_pea_and_onion_patty,baseline,Free-form,experiment_2025-12-09_23-44-34_zucchini_green_pea_and_onion_patty.json,Assistant,51,188,qwen2.5-3b
zucchini_green_pea_and_onion_patty,baseline,Free-form,experiment_2025-12-09_23-44-34_zucchini_green_pea_and_onion_patty.json,Assistant,51,187,qwen2.5-3b
zucchini_green_pea_and_onion_patty,baseline,Free-form,experiment_2025-12-09_23-44-34_zucchini_green_pea_and_onion_patty.json,Assistant,51,169,qwen2.5-3b
zucchini_green_pea_and_onion_patty,baseline,Free-form,experiment_2025-12-09_23-44-34_zucchini_green_pea_and_onion_patty.json,Assistant,51,148,qwen2.5-3b
zucchini_green_pea_and_onion_patty,baseline,Free-form,experiment_2025-12-09_23-44-34_zucchini_green_pea_and_onion_patty.json,Assistant,51,142,qwen2.5-3b
zucchini_green_pea_and_onion_patty,baseline,Free-form,experiment_2025-12-09_23-44-34_zucchini_green_pea_and_onion_patty.json,Assistant,51,176,qwen2.5-3b
zucchini_green_pea_and_onion_patty,baseline,Free-form,experiment_2025-12-09_23-44-34_zucchini_green_pea_and_onion_patty.json,Assistant,51,210,qwen2.5-3b
zucchini_green_pea_and_onion_patty,baseline,Free-form,experiment_2025-12-09_23-44-34_zucchini_green_pea_and_onion_patty.json,Assistant,51,144,qwen2.5-3b
zucchini_green_pea_and_onion_patty,baseline,Free-form,experiment_2025-12-09_23-44-34_zucchini_green_pea_and_onion_patty.json,Assistant,51,156,qwen2.5-3b
zucchini_green_pea_and_onion_patty,baseline,Free-form,experiment_2025-12-09_23-44-34_zucchini_green_pea_and_onion_patty.json,Assistant,51,265,qwen2.5-3b
zucchini_green_pea_and_onion_patty,baseline,Free-form,experiment_2025-12-09_23-44-34_zucchini_green_pea_and_onion_patty.json,Assistant,51,126,qwen2.5-3b
zucchini_green_pea_and_onion_patty,baseline,Free-form,experiment_2025-12-09_23-44-34_zucchini_green_pea_and_onion_patty.json,Assistant,52,163,qwen2.5-3b
zucchini_green_pea_and_onion_patty,baseline,Free-form,experiment_2025-12-09_23-44-34_zucchini_green_pea_and_onion_patty.json,Assistant,52,171,qwen2.5-3b
zucchini_green_pea_and_onion_patty,baseline,Free-form,experiment_2025-12-09_23-44-34_zucchini_green_pea_and_onion_patty.json,Assistant,52,137,qwen2.5-3b
zucchini_green_pea_and_onion_patty,baseline,Free-form,experiment_2025-12-09_23-44-34_zucchini_green_pea_and_onion_patty.json,Assistant,52,273,qwen2.5-3b
zucchini_green_pea_and_onion_patty,baseline,Free-form,experiment_2025-12-09_23-44-34_zucchini_green_pea_and_onion_patty.json,Assistant,52,423,qwen2.5-3b
zucchini_green_pea_and_onion_patty,baseline,Free-form,experiment_2025-12-09_23-44-34_zucchini_green_pea_and_onion_patty.json,Assistant,52,147,qwen2.5-3b
zucchini_green_pea_and_onion_patty,baseline,Free-form,experiment_2025-12-09_23-44-34_zucchini_green_pea_and_onion_patty.json,Assistant,52,2755,qwen2.5-3b
zucchini_green_pea_and_onion_patty,baseline,Free-form,experiment_2025-12-09_23-44-34_zucchini_green_pea_and_onion_patty.json,Assistant,52,133,qwen2.5-3b
zucchini_green_pea_and_onion_patty,baseline,Free-form,experiment_2025-12-09_23-44-34_zucchini_green_pea_and_onion_patty.json,Assistant,52,310,qwen2.5-3b
zucchini_green_pea_and_onion_patty,baseline,Free-form,experiment_2025-12-09_23-51-11_zucchini_green_pea_and_onion_patty.json,Chef,51,147,qwen2.5-3b
zucchini_green_pea_and_onion_patty,baseline,Free-form,experiment_2025-12-09_23-51-11_zucchini_green_pea_and_onion_patty.json,Chef,52,162,qwen2.5-3b
zucchini_green_pea_and_onion_patty,baseline,Free-form,experiment_2025-12-09_23-51-11_zucchini_green_pea_and_onion_patty.json,Chef,53,95,qwen2.5-3b
zucchini_green_pea_and_onion_patty,baseline,Free-form,experiment_2025-12-09_23-51-11_zucchini_green_pea_and_onion_patty.json,Chef,53,101,qwen2.5-3b
zucchini_green_pea_and_onion_patty,baseline,Free-form,experiment_2025-12-09_23-51-11_zucchini_green_pea_and_onion_patty.json,Chef,53,135,qwen2.5-3b
zucchini_green_pea_and_onion_patty,baseline,Free-form,experiment_2025-12-09_23-51-11_zucchini_green_pea_and_onion_patty.json,Chef,53,94,qwen2.5-3b
zucchini_green_pea_and_onion_patty,baseline,Free-form,experiment_2025-12-09_23-51-11_zucchini_green_pea_and_onion_patty.json,Chef,53,2821,qwen2.5-3b
zucchini_green_pea_and_onion_patty,baseline,Free-form,experiment_2025-12-09_23-51-11_zucchini_green_pea_and_onion_patty.json,Chef,53,141,qwen2.5-3b
zucchini_green_pea_and_onion_patty,baseline,Free-form,experiment_2025-12-09_23-51-11_zucchini_green_pea_and_onion_patty.json,Chef,53,245,qwen2.5-3b
zucchini_green_pea_and_onion_patty,baseline,Free-form,experiment_2025-12-09_23-51-11_zucchini_green_pea_and_onion_patty.json,Chef,53,0,qwen2.5-3b
zucchini_green_pea_and_onion_patty,baseline,Free-form,experiment_2025-12-09_23-51-11_zucchini_green_pea_and_onion_patty.json,Chef,54,123,qwen2.5-3b
zucchini_green_pea_and_onion_patty,baseline,Free-form,experiment_2025-12-09_23-51-11_zucchini_green_pea_and_onion_patty.json,Chef,54,520,qwen2.5-3b
zucchini_green_pea_and_onion_patty,baseline,Free-form,experiment_2025-12-09_23-51-11_zucchini_green_pea_and_onion_patty.json,Chef,55,342,qwen2.5-3b
zucchini_green_pea_and_onion_patty,baseline,Free-form,experiment_2025-12-09_23-51-11_zucchini_green_pea_and_onion_patty.json,Chef,55,114,qwen2.5-3b
zucchini_green_pea_and_onion_patty,baseline,Free-form,experiment_2025-12-09_23-51-11_zucchini_green_pea_and_onion_patty.json,Chef,55,164,qwen2.5-3b
zucchini_green_pea_and_onion_patty,baseline,Free-form,experiment_2025-12-09_23-51-11_zucchini_green_pea_and_onion_patty.json,Chef,55,133,qwen2.5-3b
zucchini_green_pea_and_onion_patty,baseline,Free-form,experiment_2025-12-09_23-51-11_zucchini_green_pea_and_onion_patty.json,Chef,55,132,qwen2.5-3b
zucchini_green_pea_and_onion_patty,baseline,Free-form,experiment_2025-12-09_23-51-11_zucchini_green_pea_and_onion_patty.json,Chef,55,118,qwen2.5-3b
zucchini_green_pea_and_onion_patty,baseline,Free-form,experiment_2025-12-09_23-51-11_zucchini_green_pea_and_onion_patty.json,Chef,55,121,qwen2.5-3b
zucchini_green_pea_and_onion_patty,baseline,Free-form,experiment_2025-12-09_23-51-11_zucchini_green_pea_and_onion_patty.json,Chef,55,110,qwen2.5-3b
zucchini_green_pea_and_onion_patty,baseline,Free-form,experiment_2025-12-09_23-51-11_zucchini_green_pea_and_onion_patty.json,Chef,55,3125,qwen2.5-3b
zucchini_green_pea_and_onion_patty,baseline,Free-form,experiment_2025-12-09_23-51-11_zucchini_green_pea_and_onion_patty.json,Chef,55,201,qwen2.5-3b
zucchini_green_pea_and_onion_patty,baseline,Free-form,experiment_2025-12-09_23-51-11_zucchini_green_pea_and_onion_patty.json,Chef,55,134,qwen2.5-3b
zucchini_green_pea_and_onion_patty,baseline,Free-form,experiment_2025-12-09_23-51-11_zucchini_green_pea_and_onion_patty.json,Chef,55,222,qwen2.5-3b
zucchini_green_pea_and_onion_patty,baseline,Free-form,experiment_2025-12-09_23-51-11_zucchini_green_pea_and_onion_patty.json,Chef,55,236,qwen2.5-3b
zucchini_green_pea_and_onion_patty,baseline,Free-form,experiment_2025-12-09_23-51-11_zucchini_green_pea_and_onion_patty.json,Chef,55,137,qwen2.5-3b
zucchini_green_pea_and_onion_patty,baseline,Free-form,experiment_2025-12-09_23-51-11_zucchini_green_pea_and_onion_patty.json,Chef,55,119,qwen2.5-3b
zucchini_green_pea_and_onion_patty,baseline,Free-form,experiment_2025-12-09_23-51-11_zucchini_green_pea_and_onion_patty.json,Chef,55,133,qwen2.5-3b
zucchini_green_pea_and_onion_patty,baseline,Free-form,experiment_2025-12-09_23-51-11_zucchini_green_pea_and_onion_patty.json,Chef,55,115,qwen2.5-3b
zucchini_green_pea_and_onion_patty,baseline,Free-form,experiment_2025-12-09_23-51-11_zucchini_green_pea_and_onion_patty.json,Chef,55,124,qwen2.5-3b
zucchini_green_pea_and_onion_patty,baseline,Free-form,experiment_2025-12-09_23-51-11_zucchini_green_pea_and_onion_patty.json,Chef,55,248,qwen2.5-3b
zucchini_green_pea_and_onion_patty,baseline,Free-form,experiment_2025-12-09_23-51-11_zucchini_green_pea_and_onion_patty.json,Chef,55,133,qwen2.5-3b
zucchini_green_pea_and_onion_patty,baseline,Free-form,experiment_2025-12-09_23-51-11_zucchini_green_pea_and_onion_patty.json,Chef,55,111,qwen2.5-3b
zucchini_green_pea_and_onion_patty,baseline,Free-form,experiment_2025-12-09_23-51-11_zucchini_green_pea_and_onion_patty.json,Chef,55,118,qwen2.5-3b
zucchini_green_pea_and_onion_patty,baseline,Free-form,experiment_2025-12-09_23-51-11_zucchini_green_pea_and_onion_patty.json,Chef,55,121,qwen2.5-3b
zucchini_green_pea_and_onion_patty,baseline,Free-form,experiment_2025-12-09_23-51-11_zucchini_green_pea_and_onion_patty.json,Chef,55,131,qwen2.5-3b
zucchini_green_pea_and_onion_patty,baseline,Free-form,experiment_2025-12-09_23-51-11_zucchini_green_pea_and_onion_patty.json,Chef,55,304,qwen2.5-3b
zucchini_green_pea_and_onion_patty,baseline,Free-form,experiment_2025-12-09_23-51-11_zucchini_green_pea_and_onion_patty.json,Chef,55,242,qwen2.5-3b
zucchini_green_pea_and_onion_patty,baseline,Free-form,experiment_2025-12-09_23-51-11_zucchini_green_pea_and_onion_patty.json,Chef,55,201,qwen2.5-3b
zucchini_green_pea_and_onion_patty,baseline,Free-form,experiment_2025-12-09_23-51-11_zucchini_green_pea_and_onion_patty.json,Chef,55,184,qwen2.5-3b
zucchini_green_pea_and_onion_patty,baseline,Free-form,experiment_2025-12-09_23-51-11_zucchini_green_pea_and_onion_patty.json,Chef,55,147,qwen2.5-3b
zucchini_green_pea_and_onion_patty,baseline,Free-form,experiment_2025-12-09_23-51-11_zucchini_green_pea_and_onion_patty.json,Chef,55,145,qwen2.5-3b
zucchini_green_pea_and_onion_patty,baseline,Free-form,experiment_2025-12-09_23-51-11_zucchini_green_pea_and_onion_patty.json,Chef,55,275,qwen2.5-3b
zucchini_green_pea_and_onion_patty,baseline,Free-form,experiment_2025-12-09_23-51-11_zucchini_green_pea_and_onion_patty.json,Chef,55,114,qwen2.5-3b
zucchini_green_pea_and_onion_patty,baseline,Free-form,experiment_2025-12-09_23-51-11_zucchini_green_pea_and_onion_patty.json,Chef,55,91,qwen2.5-3b
zucchini_green_pea_and_onion_patty,baseline,Free-form,experiment_2025-12-09_23-51-11_zucchini_green_pea_and_onion_patty.json,Chef,55,162,qwen2.5-3b
zucchini_green_pea_and_onion_patty,baseline,Free-form,experiment_2025-12-09_23-51-11_zucchini_green_pea_and_onion_patty.json,Chef,55,0,qwen2.5-3b
zucchini_green_pea_and_onion_patty,baseline,Free-form,experiment_2025-12-09_23-51-11_zucchini_green_pea_and_onion_patty.json,Assistant,51,413,qwen2.5-3b
zucchini_green_pea_and_onion_patty,baseline,Free-form,experiment_2025-12-09_23-51-11_zucchini_green_pea_and_onion_patty.json,Assistant,51,215,qwen2.5-3b
zucchini_green_pea_and_onion_patty,baseline,Free-form,experiment_2025-12-09_23-51-11_zucchini_green_pea_and_onion_patty.json,Assistant,52,77,qwen2.5-3b
zucchini_green_pea_and_onion_patty,baseline,Free-form,experiment_2025-12-09_23-51-11_zucchini_green_pea_and_onion_patty.json,Assistant,52,177,qwen2.5-3b
zucchini_green_pea_and_onion_patty,baseline,Free-form,experiment_2025-12-09_23-51-11_zucchini_green_pea_and_onion_patty.json,Assistant,53,85,qwen2.5-3b
zucchini_green_pea_and_onion_patty,baseline,Free-form,experiment_2025-12-09_23-51-11_zucchini_green_pea_and_onion_patty.json,Assistant,53,87,qwen2.5-3b
zucchini_green_pea_and_onion_patty,baseline,Free-form,experiment_2025-12-09_23-51-11_zucchini_green_pea_and_onion_patty.json,Assistant,53,133,qwen2.5-3b
zucchini_green_pea_and_onion_patty,baseline,Free-form,experiment_2025-12-09_23-51-11_zucchini_green_pea_and_onion_patty.json,Assistant,53,352,qwen2.5-3b
zucchini_green_pea_and_onion_patty,baseline,Free-form,experiment_2025-12-09_23-51-11_zucchini_green_pea_and_onion_patty.json,Assistant,53,153,qwen2.5-3b
zucchini_green_pea_and_onion_patty,baseline,Free-form,experiment_2025-12-09_23-51-11_zucchini_green_pea_and_onion_patty.json,Assistant,53,103,qwen2.5-3b
zucchini_green_pea_and_onion_patty,baseline,Free-form,experiment_2025-12-09_23-51-11_zucchini_green_pea_and_onion_patty.json,Assistant,53,3023,qwen2.5-3b
zucchini_green_pea_and_onion_patty,baseline,Free-form,experiment_2025-12-09_23-51-11_zucchini_green_pea_and_onion_patty.json,Assistant,53,90,qwen2.5-3b
zucchini_green_pea_and_onion_patty,baseline,Free-form,experiment_2025-12-09_23-51-11_zucchini_green_pea_and_onion_patty.json,Assistant,53,161,qwen2.5-3b
zucchini_green_pea_and_onion_patty,baseline,Free-form,experiment_2025-12-09_23-51-11_zucchini_green_pea_and_onion_patty.json,Assistant,54,97,qwen2.5-3b
zucchini_green_pea_and_onion_patty,baseline,Free-form,experiment_2025-12-09_23-51-11_zucchini_green_pea_and_onion_patty.json,Assistant,54,3357,qwen2.5-3b
zucchini_green_pea_and_onion_patty,baseline,Free-form,experiment_2025-12-09_23-51-11_zucchini_green_pea_and_onion_patty.json,Assistant,54,216,qwen2.5-3b
zucchini_green_pea_and_onion_patty,baseline,Free-form,experiment_2025-12-09_23-51-11_zucchini_green_pea_and_onion_patty.json,Assistant,55,161,qwen2.5-3b
zucchini_green_pea_and_onion_patty,baseline,Free-form,experiment_2025-12-09_23-51-11_zucchini_green_pea_and_onion_patty.json,Assistant,55,166,qwen2.5-3b
zucchini_green_pea_and_onion_patty,baseline,Free-form,experiment_2025-12-09_23-51-11_zucchini_green_pea_and_onion_patty.json,Assistant,55,118,qwen2.5-3b
zucchini_green_pea_and_onion_patty,baseline,Free-form,experiment_2025-12-09_23-51-11_zucchini_green_pea_and_onion_patty.json,Assistant,55,161,qwen2.5-3b
zucchini_green_pea_and_onion_patty,baseline,Free-form,experiment_2025-12-09_23-51-11_zucchini_green_pea_and_onion_patty.json,Assistant,55,131,qwen2.5-3b
zucchini_green_pea_and_onion_patty,baseline,Free-form,experiment_2025-12-09_23-51-11_zucchini_green_pea_and_onion_patty.json,Assistant,55,129,qwen2.5-3b
zucchini_green_pea_and_onion_patty,baseline,Free-form,experiment_2025-12-09_23-51-11_zucchini_green_pea_and_onion_patty.json,Assistant,55,149,qwen2.5-3b
zucchini_green_pea_and_onion_patty,baseline,Free-form,experiment_2025-12-09_23-51-11_zucchini_green_pea_and_onion_patty.json,Assistant,55,169,qwen2.5-3b
zucchini_green_pea_and_onion_patty,baseline,Free-form,experiment_2025-12-09_23-51-11_zucchini_green_pea_and_onion_patty.json,Assistant,55,132,qwen2.5-3b
zucchini_green_pea_and_onion_patty,baseline,Free-form,experiment_2025-12-09_23-51-11_zucchini_green_pea_and_onion_patty.json,Assistant,55,142,qwen2.5-3b
zucchini_green_pea_and_onion_patty,baseline,Free-form,experiment_2025-12-09_23-51-11_zucchini_green_pea_and_onion_patty.json,Assistant,55,163,qwen2.5-3b
zucchini_green_pea_and_onion_patty,baseline,Free-form,experiment_2025-12-09_23-51-11_zucchini_green_pea_and_onion_patty.json,Assistant,55,126,qwen2.5-3b
zucchini_green_pea_and_onion_patty,baseline,Free-form,experiment_2025-12-09_23-51-11_zucchini_green_pea_and_onion_patty.json,Assistant,55,143,qwen2.5-3b
zucchini_green_pea_and_onion_patty,baseline,Free-form,experiment_2025-12-09_23-51-11_zucchini_green_pea_and_onion_patty.json,Assistant,55,108,qwen2.5-3b
zucchini_green_pea_and_onion_patty,baseline,Free-form,experiment_2025-12-09_23-51-11_zucchini_green_pea_and_onion_patty.json,Assistant,55,133,qwen2.5-3b
zucchini_green_pea_and_onion_patty,baseline,Free-form,experiment_2025-12-09_23-51-11_zucchini_green_pea_and_onion_patty.json,Assistant,55,104,qwen2.5-3b
zucchini_green_pea_and_onion_patty,baseline,Free-form,experiment_2025-12-09_23-51-11_zucchini_green_pea_and_onion_patty.json,Assistant,55,119,qwen2.5-3b
zucchini_green_pea_and_onion_patty,baseline,Free-form,experiment_2025-12-09_23-51-11_zucchini_green_pea_and_onion_patty.json,Assistant,55,173,qwen2.5-3b
zucchini_green_pea_and_onion_patty,baseline,Free-form,experiment_2025-12-09_23-51-11_zucchini_green_pea_and_onion_patty.json,Assistant,55,138,qwen2.5-3b
zucchini_green_pea_and_onion_patty,baseline,Free-form,experiment_2025-12-09_23-51-11_zucchini_green_pea_and_onion_patty.json,Assistant,55,112,qwen2.5-3b
zucchini_green_pea_and_onion_patty,baseline,Free-form,experiment_2025-12-09_23-51-11_zucchini_green_pea_and_onion_patty.json,Assistant,55,119,qwen2.5-3b
zucchini_green_pea_and_onion_patty,baseline,Free-form,experiment_2025-12-09_23-51-11_zucchini_green_pea_and_onion_patty.json,Assistant,55,137,qwen2.5-3b
zucchini_green_pea_and_onion_patty,baseline,Free-form,experiment_2025-12-09_23-51-11_zucchini_green_pea_and_onion_patty.json,Assistant,55,112,qwen2.5-3b
zucchini_green_pea_and_onion_patty,baseline,Free-form,experiment_2025-12-09_23-51-11_zucchini_green_pea_and_onion_patty.json,Assistant,55,129,qwen2.5-3b
zucchini_green_pea_and_onion_patty,baseline,Free-form,experiment_2025-12-09_23-51-11_zucchini_green_pea_and_onion_patty.json,Assistant,55,105,qwen2.5-3b
zucchini_green_pea_and_onion_patty,baseline,Free-form,experiment_2025-12-09_23-51-11_zucchini_green_pea_and_onion_patty.json,Assistant,55,130,qwen2.5-3b
zucchini_green_pea_and_onion_patty,baseline,Free-form,experiment_2025-12-09_23-51-11_zucchini_green_pea_and_onion_patty.json,Assistant,55,121,qwen2.5-3b
zucchini_green_pea_and_onion_patty,baseline,Free-form,experiment_2025-12-09_23-51-11_zucchini_green_pea_and_onion_patty.json,Assistant,55,118,qwen2.5-3b
zucchini_green_pea_and_onion_patty,baseline,Free-form,experiment_2025-12-09_23-51-11_zucchini_green_pea_and_onion_patty.json,Assistant,55,122,qwen2.5-3b
zucchini_green_pea_and_onion_patty,baseline,Free-form,experiment_2025-12-09_23-51-11_zucchini_green_pea_and_onion_patty.json,Assistant,55,138,qwen2.5-3b
zucchini_green_pea_and_onion_patty,baseline,Free-form,experiment_2025-12-09_23-51-11_zucchini_green_pea_and_onion_patty.json,Assistant,55,130,qwen2.5-3b
zucchini_green_pea_and_onion_patty,baseline,Free-form,experiment_2025-12-09_23-51-11_zucchini_green_pea_and_onion_patty.json,Assistant,55,157,qwen2.5-3b
zucchini_green_pea_and_onion_patty,baseline,Free-form,experiment_2025-12-09_23-51-11_zucchini_green_pea_and_onion_patty.json,Assistant,55,128,qwen2.5-3b
zucchini_green_pea_and_onion_patty,baseline,Free-form,experiment_2025-12-09_23-51-11_zucchini_green_pea_and_onion_patty.json,Assistant,55,1935,qwen2.5-3b
zucchini_green_pea_and_onion_patty,baseline,Free-form,experiment_2025-12-09_23-51-11_zucchini_green_pea_and_onion_patty.json,Assistant,55,73,qwen2.5-3b
zucchini_green_pea_and_onion_patty,baseline,Free-form,experiment_2025-12-09_23-51-11_zucchini_green_pea_and_onion_patty.json,Assistant,55,205,qwen2.5-3b
zucchini_green_pea_and_onion_patty,baseline,Free-form,experiment_2025-12-10_00-02-37_zucchini_green_pea_and_onion_patty.json,Chef,52,113,qwen2.5-3b
zucchini_green_pea_and_onion_patty,baseline,Free-form,experiment_2025-12-10_00-02-37_zucchini_green_pea_and_onion_patty.json,Chef,53,221,qwen2.5-3b
zucchini_green_pea_and_onion_patty,baseline,Free-form,experiment_2025-12-10_00-02-37_zucchini_green_pea_and_onion_patty.json,Chef,53,228,qwen2.5-3b
zucchini_green_pea_and_onion_patty,baseline,Free-form,experiment_2025-12-10_00-02-37_zucchini_green_pea_and_onion_patty.json,Chef,53,188,qwen2.5-3b
zucchini_green_pea_and_onion_patty,baseline,Free-form,experiment_2025-12-10_00-02-37_zucchini_green_pea_and_onion_patty.json,Chef,54,94,qwen2.5-3b
zucchini_green_pea_and_onion_patty,baseline,Free-form,experiment_2025-12-10_00-02-37_zucchini_green_pea_and_onion_patty.json,Chef,56,93,qwen2.5-3b
zucchini_green_pea_and_onion_patty,baseline,Free-form,experiment_2025-12-10_00-02-37_zucchini_green_pea_and_onion_patty.json,Chef,56,142,qwen2.5-3b
zucchini_green_pea_and_onion_patty,baseline,Free-form,experiment_2025-12-10_00-02-37_zucchini_green_pea_and_onion_patty.json,Chef,56,165,qwen2.5-3b
zucchini_green_pea_and_onion_patty,baseline,Free-form,experiment_2025-12-10_00-02-37_zucchini_green_pea_and_onion_patty.json,Chef,56,154,qwen2.5-3b
zucchini_green_pea_and_onion_patty,baseline,Free-form,experiment_2025-12-10_00-02-37_zucchini_green_pea_and_onion_patty.json,Chef,56,0,qwen2.5-3b
zucchini_green_pea_and_onion_patty,baseline,Free-form,experiment_2025-12-10_00-02-37_zucchini_green_pea_and_onion_patty.json,Assistant,52,248,qwen2.5-3b
zucchini_green_pea_and_onion_patty,baseline,Free-form,experiment_2025-12-10_00-02-37_zucchini_green_pea_and_onion_patty.json,Assistant,52,178,qwen2.5-3b
zucchini_green_pea_and_onion_patty,baseline,Free-form,experiment_2025-12-10_00-02-37_zucchini_green_pea_and_onion_patty.json,Assistant,53,184,qwen2.5-3b
zucchini_green_pea_and_onion_patty,baseline,Free-form,experiment_2025-12-10_00-02-37_zucchini_green_pea_and_onion_patty.json,Assistant,53,139,qwen2.5-3b
zucchini_green_pea_and_onion_patty,baseline,Free-form,experiment_2025-12-10_00-02-37_zucchini_green_pea_and_onion_patty.json,Assistant,53,3503,qwen2.5-3b
zucchini_green_pea_and_onion_patty,baseline,Free-form,experiment_2025-12-10_00-02-37_zucchini_green_pea_and_onion_patty.json,Assistant,53,138,qwen2.5-3b
zucchini_green_pea_and_onion_patty,baseline,Free-form,experiment_2025-12-10_00-02-37_zucchini_green_pea_and_onion_patty.json,Assistant,54,403,qwen2.5-3b
zucchini_green_pea_and_onion_patty,baseline,Free-form,experiment_2025-12-10_00-02-37_zucchini_green_pea_and_onion_patty.json,Assistant,54,173,qwen2.5-3b
zucchini_green_pea_and_onion_patty,baseline,Free-form,experiment_2025-12-10_00-02-37_zucchini_green_pea_and_onion_patty.json,Assistant,56,118,qwen2.5-3b
zucchini_green_pea_and_onion_patty,baseline,Free-form,experiment_2025-12-10_00-02-37_zucchini_green_pea_and_onion_patty.json,Assistant,56,138,qwen2.5-3b
zucchini_green_pea_and_onion_patty,baseline,Free-form,experiment_2025-12-10_00-02-37_zucchini_green_pea_and_onion_patty.json,Assistant,56,134,qwen2.5-3b
zucchini_green_pea_and_onion_patty,baseline,Free-form,experiment_2025-12-10_00-02-37_zucchini_green_pea_and_onion_patty.json,Assistant,56,3205,qwen2.5-3b
zucchini_green_pea_and_onion_patty,baseline,Free-form,experiment_2025-12-10_00-02-37_zucchini_green_pea_and_onion_patty.json,Assistant,56,63,qwen2.5-3b
zucchini_green_pea_and_onion_patty,baseline,Free-form,experiment_2025-12-10_00-02-37_zucchini_green_pea_and_onion_patty.json,Assistant,56,225,qwen2.5-3b
zucchini_green_pea_and_onion_patty,reduced,Reduced,experiment_2025-12-10_00-17-37_zucchini_green_pea_and_onion_patty.json,Chef,53,67,qwen2.5-3b
zucchini_green_pea_and_onion_patty,reduced,Reduced,experiment_2025-12-10_00-17-37_zucchini_green_pea_and_onion_patty.json,Assistant,50,335,qwen2.5-3b
zucchini_green_pea_and_onion_patty,reduced,Reduced,experiment_2025-12-10_00-17-37_zucchini_green_pea_and_onion_patty.json,Assistant,51,163,qwen2.5-3b
zucchini_green_pea_and_onion_patty,reduced,Reduced,experiment_2025-12-10_00-17-37_zucchini_green_pea_and_onion_patty.json,Assistant,52,223,qwen2.5-3b
zucchini_green_pea_and_onion_patty,reduced,Reduced,experiment_2025-12-10_00-17-37_zucchini_green_pea_and_onion_patty.json,Assistant,53,83,qwen2.5-3b
zucchini_green_pea_and_onion_patty,reduced,Reduced,experiment_2025-12-10_00-17-37_zucchini_green_pea_and_onion_patty.json,Assistant,53,174,qwen2.5-3b
zucchini_green_pea_and_onion_patty,reduced,Reduced,experiment_2025-12-10_00-17-37_zucchini_green_pea_and_onion_patty.json,Assistant,55,134,qwen2.5-3b
zucchini_green_pea_and_onion_patty,reduced,Reduced,experiment_2025-12-10_00-17-37_zucchini_green_pea_and_onion_patty.json,Assistant,56,186,qwen2.5-3b
zucchini_green_pea_and_onion_patty,reduced,Reduced,experiment_2025-12-10_00-17-37_zucchini_green_pea_and_onion_patty.json,Assistant,57,175,qwen2.5-3b
zucchini_green_pea_and_onion_patty,reduced,Reduced,experiment_2025-12-10_00-18-38_zucchini_green_pea_and_onion_patty.json,Assistant,50,165,qwen2.5-3b
zucchini_green_pea_and_onion_patty,reduced,Reduced,experiment_2025-12-10_00-19-03_zucchini_green_pea_and_onion_patty.json,Assistant,49,112,qwen2.5-3b
zucchini_green_pea_and_onion_patty,reduced,Reduced,experiment_2025-12-10_00-19-03_zucchini_green_pea_and_onion_patty.json,Assistant,51,213,qwen2.5-3b
zucchini_green_pea_and_onion_patty,reduced,Reduced,experiment_2025-12-10_00-19-44_zucchini_green_pea_and_onion_patty.json,Chef,52,82,qwen2.5-3b
zucchini_green_pea_and_onion_patty,reduced,Reduced,experiment_2025-12-10_00-19-44_zucchini_green_pea_and_onion_patty.json,Assistant,49,125,qwen2.5-3b
zucchini_green_pea_and_onion_patty,reduced,Reduced,experiment_2025-12-10_00-19-44_zucchini_green_pea_and_onion_patty.json,Assistant,50,123,qwen2.5-3b
zucchini_green_pea_and_onion_patty,reduced,Reduced,experiment_2025-12-10_00-19-44_zucchini_green_pea_and_onion_patty.json,Assistant,51,132,qwen2.5-3b
zucchini_green_pea_and_onion_patty,reduced,Reduced,experiment_2025-12-10_00-19-44_zucchini_green_pea_and_onion_patty.json,Assistant,52,55,qwen2.5-3b
zucchini_green_pea_and_onion_patty,reduced,Reduced,experiment_2025-12-10_00-19-44_zucchini_green_pea_and_onion_patty.json,Assistant,52,171,qwen2.5-3b
zucchini_green_pea_and_onion_patty,reduced,Reduced,experiment_2025-12-10_00-20-20_zucchini_green_pea_and_onion_patty.json,Chef,54,77,qwen2.5-3b
zucchini_green_pea_and_onion_patty,reduced,Reduced,experiment_2025-12-10_00-20-20_zucchini_green_pea_and_onion_patty.json,Assistant,50,448,qwen2.5-3b
zucchini_green_pea_and_onion_patty,reduced,Reduced,experiment_2025-12-10_00-20-20_zucchini_green_pea_and_onion_patty.json,Assistant,51,260,qwen2.5-3b
zucchini_green_pea_and_onion_patty,reduced,Reduced,experiment_2025-12-10_00-20-20_zucchini_green_pea_and_onion_patty.json,Assistant,52,131,qwen2.5-3b
zucchini_green_pea_and_onion_patty,reduced,Reduced,experiment_2025-12-10_00-20-20_zucchini_green_pea_and_onion_patty.json,Assistant,53,124,qwen2.5-3b
zucchini_green_pea_and_onion_patty,reduced,Reduced,experiment_2025-12-10_00-20-20_zucchini_green_pea_and_onion_patty.json,Assistant,54,79,qwen2.5-3b
zucchini_green_pea_and_onion_patty,reduced,Reduced,experiment_2025-12-10_00-20-20_zucchini_green_pea_and_onion_patty.json,Assistant,54,314,qwen2.5-3b
zucchini_green_pea_and_onion_patty,reduced,Reduced,experiment_2025-12-10_00-20-20_zucchini_green_pea_and_onion_patty.json,Assistant,55,135,qwen2.5-3b
zucchini_green_pea_and_onion_patty,reduced,Reduced,experiment_2025-12-10_00-20-20_zucchini_green_pea_and_onion_patty.json,Assistant,56,174,qwen2.5-3b
zucchini_green_pea_and_onion_patty,reduced,Reduced,experiment_2025-12-10_00-20-20_zucchini_green_pea_and_onion_patty.json,Assistant,57,227,qwen2.5-3b
